name,win,linux,mac,author,description
SkateBIRD,t,t,t,glassbottommeg,It's a game about trying your best
Backbone,t,f,f,Raw Fury,A post-noir narrative adventure. Become raccoon private eye Howard Lotor and explore dystopian Vancouver.
Cloud Gardens,t,f,t,noio,A chill game about using plants to overgrow abandoned wasteland dioramas
CrossCode,t,t,t,Radical Fish Games,A retro-inspired 2D Action-RPG set in the distant future
Thirsty Sword Lesbians,f,f,f,evilhat,Thirsty Sword Lesbians is a roleplaying game for telling queer stories with friends.
Kingdom Two Crowns,t,f,f,Raw Fury,Build your kingdom and secure it from the threat of the Greed.
Wandersong,t,f,f,banov,A musical adventure game where you use singing to save the world!
Acid Death Fantasy,f,f,f,Melsonian Arts Council,
Lucifer Within Us,t,f,t,Kitfox Games,Solve murders as a digital exorcist.
Liminal Horror,f,f,f,Goblin Archives,A cosmic horror hack of Cairn.
Avery Chase - EP1 : Apparition,f,f,f,C.Bedford,Avery Chase EP1
GoNNER,t,t,t,Raw Fury,GoNNER is a tough as hell procedurally-generated 2D platformer with roguelike elements.
INMOST,t,f,t,Chucklefish Games,Escape the depths of an otherworldly labyrinth in this cinematic puzzle platformer.
Figment,t,t,t,Bedtime Digital Games,Figment is an action-adventure game that invites you to explore a unique surreal universe filled with music and humor
LOST EONS Core Books,f,f,f,David Blandy,Solarpunk sci-fantasy mashup of BitD and 24XX in a post-post apocalypse world.
PROLE,f,f,f,Highland Paranormal Society,Coin-Flipping RPG
Fatum Betula,t,f,f,Bryce Bucher,Water an ancient birch.
SUPERHOT,t,f,f,SUPERHOT,The first person shooter where time moves only when you move.
Dumpy & Bumpy,t,f,f,Programancer,A retro styled character puzzle game with couch co-op with 80 levels!
Summer Gems,t,f,f,3ofcupsgames,A small experience about a summer friendship with Mediterranean vibes
ZeroRanger,t,f,f,system_erasure,May you attain enlightenment.
.dungeon,f,f,f,Batts,An alternate reality table top roleplaying game.
Anamnesis,f,f,f,Blinking Birch Games,A solo tarot game about discovering yourself after memory loss
Phanta,f,f,f,Kegan (@Keganexe),A rules-lite 2-6 player RPG about surviving after the destruction of earth
Sundered: Eldritch Edition,t,t,t,Thunder Lotus,A chaotic handÂ­-drawn metroidvania where you resist or embrace ancient eldritch powers
The Magus,f,f,f,momatoes,"Pathos, arcana, calamityâand the infinite loneliness of power. A journalling RPG."
Fallen Down: Heartache & Compassion in Undertale,f,f,f,Joel Couture,"An unofficial book on Undertale, delving into the game's explorations of compassion."
The Wretched,f,f,f,Chris Bissette,Survive alone in the black
Troika! Numinous Edition,f,f,f,Melsonian Arts Council,The Other world's favourite fantasy RPG
Ynglet,t,f,f,Triple Topping,In Ynglet youâll jump between bubbles that float in the sky like youâre a space dolphin.
TENNNES,t,f,f,jwaaaap,a 2 player tennnes game
2064: Read Only Memories,t,t,t,MidBoss,A New Cyberpunk Adventure
A Short Hike,t,t,t,adamgryu,a little exploration game about hiking up a mountain
Baba Is You,t,t,t,Hempuli,A puzzle game where you change the rules. Also award-winning!
Night Call,t,f,t,Raw Fury,"Friend. Confidant. Therapist. Voyeur. As a night shift cab driver in Paris, you are many things to different people."
Skyling : Garden Defense,t,f,f,Mighty Studios,Arcade action maze game (Free demo!)
"Bury me, my Love",t,f,f,Dear Villagers,"Bury me my Love tells the story of Syrian refugee Nour and her husband Majd, as Nour  undertakes a journey to safety."
"Cook, Serve, Delicious! 2!!",t,t,t,chubigans,The highest selling and most intense restaurant sim ever made is back!
Fit For A King,t,f,f,Kitfox Games,"Henry VIII's simulation sandbox. Marry everything, execute everything!"
Moon Hunters,t,f,t,Kitfox Games,1-4 player personality test RPG
Celeste,t,t,t,Maddy Makes Games,Brave hundreds of hand-crafted challenges as you help Madeline survive her journey to the top of Celeste Mountain!
Minit Fun Racer,t,f,f,Devolver Digital,A peculiar little racing game with 100% of developer and Devolver's proceeds going directly to charity. Forever.
OMEGANAUT,t,t,f,Txori,"You are the last pilot of the Earth Alliance, our only resort: the Omeganaut"
Promesa,t,f,t,Julian Palacios,"A surreal journey through dreams, memories and fantasies."
Shattered Planet,t,f,t,Kitfox Games,Explore an infinitely dangerous planet!
TowerFall Dark World Expansion,t,t,t,Maddy Makes Games,More ways to murder your friends
Jotun: Valhalla Edition,t,t,t,Thunder Lotus,Jotun is a hand-drawn action-exploration game set in Norse mythology. Impress the Gods!
Minit,t,t,t,Devolver Digital,Minit is a peculiar little adventure played sixty seconds at a time.
Bleed,t,t,t,BootdiskRevolution,"Air-dodge, slow-time and blast baddies in this twin-skick action-platformer!"
SPOOKWARE,t,f,f,papercookies,Play loads of microgames and go on a road trip through the afterlife!
Sunlight,t,f,f,KrillbiteStudio,"A short, vibrant and thought captivating exploration game."
They Bleed Pixels,t,t,t,Spooky Squid Games Inc.,They Bleed Pixels is a fiendishly difficult platforming slash'em up inspired by weird fiction and gothic horror.
TowerFall Ascension,t,t,t,Maddy Makes Games,Local Multiplayer Archery Chaos!
A Mortician's Tale,t,f,t,Laundry Bear Games,A death-positive game where you play as a mortician tasked with running a funeral home
Arcade Spirits,t,t,t,Fiction Factory Games,A Romantic Comedy Narrative Game
Long Gone Days,t,f,t,Camila Gormaz,"Modern-day RPG that imagines the world of war that's coming for us, with a focus on civilians and language barriers."
Midnight Scenes Ep.1: The Highway (Special Edition),t,f,t,Octavi Navarro,"Untold horrors in a dark, deserted road."
the girlfriend of my girlfriend is my friend!!,f,f,f,stargazersasha,a simple ttrpg about the magical disaster of trans young adulthood
VISIGOTHS vs MALL GOTHS,f,f,f,Lucian Kahn ðð§ð»ââï¸,There are a lot of bisexuals. (ENnie Nominated for Best Writing in 2020!)
Midnight Scenes Ep.2: The Goodbye Note (Special Edition),t,f,t,Octavi Navarro,"""Taking this plane was a mistake."""
Hidden Folks,t,t,t,Adriaan de Jongh,"A hand-drawn, interactive searching game"
Dragonhearts,f,f,f,FractalDragon,A GMless TTRPG about the clash of over-sized personalities between shapeshifters who can assume human or dragon form
A Dance of Fire and Ice,t,f,t,fizzd,Keep your focus as you guide two orbiting planets along a winding path without breaking their perfect equilibrium.
Baldi's Basics Plus,t,t,t,Basically Games,Experience randomly generated chaos!
Sagebrush,t,f,t,Redact Games,Explore a cult compound in this narrative adventure game.
Changeling,t,f,t,Steamberry Studio,An Urban Fantasy visual novel that explores romance within a dangerous paranormal community
Highway Blossoms: Remastered,t,t,t,Studio Ãlan,A yuri/girls' love kinetic novel in the American Southwest
Cardinal Chains,t,t,t,Daniel Nora,An original puzzle game about non-decreasing sequences
Death and Taxes,t,t,t,Placeholder Gameworks,You are the Grim Reaper on an office job. Save the world.. or condemn it to damnation?
DÃ©panneur Nocturne,t,t,t,KO_OP,â a late-night shopping adventure â
DELVE: A Solo Map Drawing Game,f,f,f,BlackwellWriter,A Game Of Digging Too Deep
Into the Black,f,f,f,Monkey's Paw Games,A PINKHACK sci-fi system for space adventures.
Speed Dating for Ghosts,t,f,t,Copychaser Games,Wholesome horror conversation sim about death and robbing banks
Lenna's Inception,t,t,t,ByttenStudio,Procedurally generated Gameboy-style action-adventure game
Quadrilateral Cowboy,t,t,t,Blendo Games,Twentieth-century Cyberpunk
MewnBase,t,t,t,Cairn4,Planet exploration and survival game with base building.
KENZIE'S PROJECT,f,f,f,stargazersasha,a 3-player horror game about how academia changes us
Fortune-499,t,f,t,apthomson,
co-open,t,t,t,lowpolis,"Grocery shopping adventure: make friends, feed cats, and find secrets!"
Democratic Socialism Simulator,t,t,t,molleindustria,Pave the road to a post-capitalist society
Sky Rogue,t,t,t,Fractal Phase,"A fwooshy, intense, procedurally generated fly-em-up"
Gladiabots,t,t,t,GFX47,AI Combat Arena
Blue Shift,f,f,f,entropatia,A one-shot tabletop space travel roleplaying game where hard vacuum meets soft tissue
Bleed 2,t,t,t,BootdiskRevolution,"A relentless arcade action game with air-dodging, bullet-reflecting, and tons of bosses."
Fronds of Benevolence,f,f,f,Melsonian Arts Council,Duke DeCorticus is dying!
"Nina Aquila: Legal Eagle, Season One",t,t,f,Tanuki-sama Studios,Fight for justice in a world where all anime genres exist at once!
Session Zero,f,f,f,Meghan Cross,A deck based character creation game.
Underhero,t,t,t,Paper Castle,One in a minion
Beglitched,t,t,t,Hexecutable,a Cyberpink Adventure
Runecairn: Core Rules,f,f,f,By Odin's Beard RPG,Soulslike Norse fantasy tabletop role-playing game
Golf Peaks,t,f,t,afterburn,golf + cards + puzzles
FIST,f,f,f,CLAYMORE,a paranormal mercenary roleplaying game
A Good Snowman Is Hard To Build,t,t,t,Draknek & Friends,An adorable puzzle game about being a monster and making snowmen
Detective Case and Clown Bot in: Murder in The Hotel Lisbon,t,t,t,Nerd Monkeys,It's a pixel art game inspired by the classic point & click adventures from the 80âs and 90âs.
Working For The Corp,f,f,f,925 Games,Descended from the Queen game set in a cyberpunk dystopian future
The Steadfast and the Rebellious,f,f,f,W.H. Arthur,A storytelling RPG where you generate a city and its freedom fighters with a deck of cards
The Lost Art of Innkeeping,t,f,f,SeaPhoenix,"Having inherited Cascade Manor, you decide to convert it into an inn. But is there more to the manor than meets the eye?"
What's So Cool About Lucha Libre?,f,f,f,Color Spray Games,A rules-lite Borderpunk RPG about superheroic luchadores fighting evil for 1 GM and 1+ players.
Big Rock Candy Hexcrawl,f,f,f,Prismatic Wasteland,A Hexcrawl Inspired by Leftist Folk Music
Super Hexagon,t,t,t,Terry Cavanagh,"A minimal action game by Terry Cavanagh, with music by Chipzel."
Fostering Apocalypse,t,f,t,Incisor Studios,The world will end again.
THE BLACK IRIS,t,f,f,ARBORETA GAMES,A short cosmic horror exploration game
APOCALYPSE FRAME,f,f,f,Binary Star Games,An Illuminated Mecha RPG.
Locus,f,f,f,CobblePath Games,Personal Horror Roleplaying game.
UMBRA: A Solo Game of Final Frontiers,f,f,f,BlackwellWriter,Discover and draw your own space colony in this lightweight zine.
T-DEF,f,f,f,Lari Assmuth,A GMless mini-zine game where you pit your troopers against alien invaders!
The White Door,t,f,t,Second Maze,A Rusty Lake puzzle adventure
Cosmic Express,t,t,t,Draknek & Friends,A puzzle game about planning the train route for the world's most awkward space colony
Cast Away,f,f,f,Afterthought Committee,The definitive tabletop survival RPG
Rusty Lake Hotel,t,f,t,Rusty Lake,A unique point-and-click adventure
Fake Chess,f,f,f,SPC,Play like a master.
Toree 3D,t,f,f,Siactro,A bite-sized PSX 3D Platformer with a few ...weird elements.
Disparateum,f,f,f,Rathayibacter,"A world-hopping, reality-bending tabletop RPG"
Stories to Astonish the World,f,f,f,yanahn,A pointcrawl RPG inspired by Chinese landscape paintings
Sodalitas,f,f,f,Jdrlab,Un jeu de rÃ´le / A roleplaying game
CanariPack 8BIT TopDown,f,f,f,Canari Games,"8/16BIT 16x16 Tileset, Animated Sprites, Music and SFX for your game project!"
Metamorphabet (2015),t,f,t,Vectorpark,"A playful, interactive alphabet."
Mausritter: The Estate Adventure Collection,f,f,f,Losing Games,Explore The Estate with 11 all-new adventures for Mausritter
Six Figures Under,f,f,f,Blinking Birch Games,Solo micro-games about being a freelance necromancer
Pushamo,t,t,t,brook.p8,shape-clearing tetromino push-em-up
Textreme 2,t,t,t,Ash K,a text editor that looks and feels like a game
Far From Home,f,f,f,ehronlime,A game about immigrants and outsiders
Dragon Drop,t,f,t,Cloudy Games LLC,Frenzied Couch-Multiplayer + Adorable Dragons!
The Witch's Almanac,f,f,f,tallywinkle,A magical game of solo exploration.
A Visit To San Sibilia,f,f,f,JimmyShelter,A solo journaling game about visiting an ever changing city
Magical Console Warriors,f,f,f,Inkskratch,Over 40 consoles personified as Magical Senshi!
CanariPack 1BIT TopDown,f,f,f,Canari Games,"1BIT 16x16 Tileset, Animated Sprites, Music and SFX for your game project!"
Windosill (2009),t,t,t,Vectorpark,A dreamlike point-and-click puzzle.
The Majesty of Colors,t,t,f,Future Proof Games,"Last night I had a dream. I floated in darkness, immense, squamous. Then I fell in love with the majesty of colors."
Into the Glacier,f,f,f,Peach Garden Games,"A Solitary Game of Exploration, Wonder, and Peril"
Cruel World,t,t,t,droqen,blame everybody else - a mingleplayer masocore platformer
Macbat 64,t,f,f,Siactro,Macbat 64 is a 3D Platformer and 4:3 loveletter to the late 90s.
Lutong Banwa,f,f,f,Diwata ng Manila,A Cooking Game. Sort of.
Bard Harder!,t,t,t,Shark and Pelican Games,Why fight when you can flirt?
Shutter Stroll,t,t,t,Jannik Boysen,generative photography simulator
Old Man's Journey,t,f,t,Broken Rules,"A game about life, loss and hope."
Demonizer,t,t,t,IoriBranford,Turn hateful humans into lovable demons in this 90s arcade style shooter
Ithaca in the Cards,f,f,f,ehronlime,A blackjack-driven story game of doomed travelers
Aventures en une page Â· Saison 1,f,f,f,Jdrlab,Une collection d'aventures bon enfant
DUFE: Masquerade,t,t,t,Galen Games,A villainous duo deal with the most frightening thing they have ever faced: their feelings
Cardinal Cross,t,t,t,LarkyLabs,Sci-Fi / Cyberpunk Visual Novel / Interactive Story Game
Skirmish: Wallet Friendly Wargaming,f,f,f,Biscuit Fund Games,A wargame that uses things you already own for miniatures
The Knights of the Road,f,f,f,bordercholly,A Tiny Role-Playing Game of High-Flying Adventure in a Monster-Infested 1920s
On The Path,f,f,f,Cat Elm,A Witcher-inspired hack of Honey Heist
Mysteries Under Lake Ophelia,t,f,f,Bryce Bucher,"Relax, and fish in a very strange lake."
FutureGrind,t,f,f,Milkbag Games,Nail the perfect line in the future's most challenging stunt sport!
Gun Rounds,t,f,t,blabberf,"Fast paced, turn-based shooter with a cute attitude!"
Sulphur Nimbus: Hel's Elixir,t,t,f,Oddwarg,Be a hippogriff in this momentum-based flying adventure game
Hope Is Not a Plan,f,f,f,Deus Ex Minima,A solo journaling game of late deliverables and contract change requests.
This Game Takes Place in Your Home Town,f,f,f,Jack Blair,A horror rpg for two players
Elf Genders,f,f,f,Lucian Kahn ðð§ð»ââï¸,Roll Tables for RPG Worldbuilding
Lair of the Gobbler,f,f,f,Emiel Boven,A dungeon for low Hit Die adventurers (1-2 HD)
MORIAH,f,f,f,Urania Games,A game of sacrifice and redemption.
Elephantasy,t,f,f,Linker,"Can you collect all the Gems, reach the Tower in the clouds, and return home?"
Adventure for a Bit,t,t,t,JUSTCAMH,Teach an AI to make the perfect world
Oniria's Slumber,f,f,f,FantasticJean,A game of dreamy ventures
The Vampire Next Door,f,f,f,Cat Elm,A game for bold and meddling kids
Mythmaker,f,f,f,kay w.,A tale of mythic antagonism.
Evergreen Wilds,f,f,f,Disaster Tourism,"Spend a season as a Park Ranger, exploring the Evergreen Wilds"
Beneath the Broken Sword,f,f,f,By Odin's Beard RPG,An introductory dungeon crawl adventure for Runecairn
Be Not Afraid A.K.A. Seraphim Horror Show!?,t,t,t,Autumn Rain,Divine horror game show! Win big AND die trying! Judgment is upon us.
Dates & Wires,t,t,t,Io Black,Romantic Misadventures in the Dark Cyberpunk Future of 1995
Lonely People Potion Shop,t,f,t,Kultisti,it's time to make some potions!
Vampire Night Shift,f,f,f,cloverfirefly,Can you survive working the night shift?
10S,t,f,f,owch,lift the veil
I'm a love interest in my childhood friend's reverse harem!!!,t,t,t,WitPOP,"An otome parody with a boys love twist, made for YaoiJam2019"
Questlandia,f,f,f,Turtlebun,A collaborative tabletop roleplaying game about personal victories in collapsing worlds.
Alone in Cyberspace,f,f,f,Michael Klamerus,A solo roleplaying game about exploring an archive of websites
Eldritch,t,t,t,Minor Key Games,Unearth ancient secrets and find your way to freedom!
KIDS,t,t,t,Playables,A game of crowds.
Tape,t,t,t,ÎERIFÂ°RM,Offline-first project management designed for artists and designers
Multi Platformer Tileset,f,f,f,Shackhal,Various 2D side-scrolling environments on pixel art for your projects!
Pullfrog,t,t,t,[AFK] Mario Carballo,"Tetris meets frog! A little puzzle platformer, equal parts fun and frustrating."
Two Summers,f,f,f,CÃ´me Martin,Live two wonderful adventures 30 years apart!
Adventures On A Single Page Â·Â Season 1,f,f,f,Jdrlab,A good-natured adventures collection
You Cannot Kill Me in a Way That Matters,f,f,f,Deus Ex Minima,A rogue-like fantasy solitaire. Defeat monsters. Level up. Transcend.
What Crooked Roots for 5e,f,f,f,Cassi Mothwin,15 Folk-Horror Roleplay Encounters to Unsettle and Terrify
Superstition,f,f,f,Albi13,"You are an oracle, a greenseer, and a fraud. Superstition is a ""ritual-creating"" solo journaling rpg."
What's So Rotten About Zombies Defending An Ancient Temple,f,f,f,Stuart Watkinson,Play as the rotten zombies defending your temple
Pale Cachexia,t,t,t,Argent Games,"A Gothic fantasy tale of loneliness, dark secrets, and the search for a cure."
Humble Fonts - Gold,f,f,f,somepx,a collection of pixel fonts
The perpetual broth,f,f,f,IKO,A short adventure Pop-Up zine for DURF
Beloved,f,f,f,Urania Games,A solo journaling game about playing a beloved childhood toy.
Forget-Me-Not: Myosotis,f,f,f,Asmus/Kinas,Create characters from the memories they left behind.
The Third Sector,f,f,f,Ian Yusem,A Mothership Sandbox Campaign
10mg: SNAAAK,t,t,t,Clovelt,
THE MARTIAL CULT of BLOOD KNIGHT GAIUS,f,f,f,CLAYMORE,an OSR module about honorable vampires
The Rot King's Sanctum,f,f,f,Emiel Boven,An OSR-style  dungeon module  for levels 1-3
Pumpkin Eater,t,t,t,thugzilla,"A visual novel about grief, pumpkin heads, and human decomposition. 100% medically accurate."
Bleak Spirit,f,f,f,potatocubed,"A tabletop RPG of a lone wanderer in a strange, melancholy place."
Pixel Fireplace,t,t,t,Ted Martens,"Type commands, roast marshmallows, throw logs onto a crackling fire. Enjoy"
Antecryptâ¡,t,f,f,PUNKCAKE DÃ©licieux ð¥,single-stick arena shooter on mankind's last hard drive
May Project Na Naman Si Kapitan?,f,f,f,John Erwin,A micro-rpg analog game about concerned citizens investigating a dubious local project
Hypnagogia ç¡éã®å¤¢ Boundless Dreams,t,f,f,sodaraptor,A wonderous world of dreams awaits you.
Yourself,f,f,f,K-Ramstack,A solo ttrpg of identity and self reflection
The Drain,f,f,f,Ian Yusem,An Occult Mothership Funnel
1-6 Oozes in the Dark,f,f,f,Deus Ex Minima,A print-and-play micro-module for 5e
Sophie's Safecracking Simulator,t,t,t,Sophie Houlden,Crack locks using real safecracking techniques!
Where Magic Died,f,f,f,Sascha Moros,"A 3 page game of belonging outside belonging, dead magic and a tower"
A History of Moments,f,f,f,archive15,A game of collaborative storytelling where you dive into the history of your character.
Sweaters by Hedgehog,f,f,f,Haunted Oak Press,A solo journaling game about a little hedgehog person trying to sell your little sweaters in your little village shop.
A Man on the Road,f,f,f,Ian Yusem,An encounter with a horrible bastard
The Lay Of Our Land,f,f,f,Armanda,"A solo journaling game about the ephemeral things in life and in the world, based on Lost and Found SRD"
Sokobond,t,f,t,Draknek & Friends,Logical. Minimalist. Beautiful.
Haque,t,t,t,Superâ´Try,/hak/ Fight cute monsters! Avoid death! Save the Game
Pipe Push Paradise,t,t,t,Corey Martin,A difficult puzzle game about plumbing.
The Lost Night,t,t,t,[AFK] Mario Carballo,A small spooky themed RPG
Can Androids Pray: Red,t,f,t,Natalie Clayton,Angry femme mech pilots at the end of the world.
Starlight Shores,t,t,t,TidalBlossoms,Wish on shooting stars while you enjoy a weekend getaway at the beach!
Hyperspace Dogfights,t,t,f,sleeper_games,"Jet-combat roguelite, occasionally with swords and 300+ other items to strap onto your jet."
Reminiscence in the Night,t,t,t,Team SolEtude,Everything stays but it still changes
Schildmaid MX,t,t,t,HitP Studio,Neutral. Shield. Danger.
Magic & Misdeeds,f,f,f,Scholastic Dragon,GM-less game about magicians who commit a wide range of crime
Bumbling,f,f,f,Button Kin Games,A solo RPG about bees
Lost To The Starlit Reptiles,f,f,f,JimmyShelter,A pamphlet hexcrawl adventure
The Mole on PIRAD ONE - a corporate horror adventure for Mothership,f,f,f,Christian Sorrell,Stop (and survive) a corporate mole hidden on a space punk commune in this Mothership adventure pamphlet!!
Landlord of the Woods,t,f,t,madison karrh,"A hand-drawn, physics-based point & click game about feeling like you're being behind all of your peers"
Hiding Spot,t,f,t,Corey Martin,A difficult puzzle game about isolating yourself.
Plunge,t,f,t,SpookyBunsGames,Turn-Based Dungeon Plunger!
JRNL,t,f,f,Blarfnip,A Simple Journaling Software for Keeping Track of Daily Thoughts
Clam Man,t,t,t,Marafrass,50% Man. 50% Clam. 100% sort of funny.
RISE: A Game of Spreading Evil,f,f,f,BlackwellWriter,A Solo Dungeon Drawing Game
Magnibox,t,f,t,Joseph Gribbin,A puzzle game about magnets designed for human brains.
Ultra Hat Dimension,t,t,t,Eniko,"Solve puzzles using hats, get punched!"
Hero Hours Contract,t,f,f,Steve O'Gorman,"Magical girls are real, but the pay sucks! Join the Union of Magical Girls."
/dia,f,f,f,tim zee,a solo lyric game.
A Snake's Tale,t,t,t,m12y,A puzzle game about snakes in cramped places
Rebop Blasters,t,t,t,dean_sick,An overpowered platform fighter with destructible terrain and a procedurally generated jazz soundtrack.
SOLAS 128,t,f,f,Armor Games Studios,Reconfigure rhythmic pulses of light to breathe life back into an ancient machine
little boats of farewell,t,t,t,npckc,say goodbye to whatever you want to leave behind this year.
Behind the Masc,f,f,f,Thoughty by Beau JÃ¡gr Sheldon,collection of game materials and art that reenvision masculinity
Sidewords,t,f,f,Milkbag Games,Grab a cup of coffee and relax with a good puzzle
Throw Cubes into Brick Towers To Collapse Them,t,f,f,nothke,
BOTOLO,t,f,t,Auren Snyder,a fast paced two-player mind sport
10mg: Sealed Estate,t,f,f,Salman Shurie (Salman_Shh),10min light horror
The Last Survey,t,t,t,Essay Games,An essay game about navigating systems of power beyond your control
The Pamphlet of Pantheons,f,f,f,James Holloway,"A guide to creating gods, myths, and religions for fantasy games"
Explorers (Deluxe Edition ð¿),t,t,t,RÃ©my ð¬ Devaux,âµ Chart ð Haggle ð Flirt ð´ Relax ð¿
Zombie Admin,t,f,f,Hastily Assembled Games,A regular working day in the apocalypse.
The Stellar Beacon: Hopepunk Issue,f,f,f,Festive Ninja,zine with optimistic sci-fi adventures and essays on pop culture
Midnight Scenes: The Nanny,t,f,f,Octavi Navarro,Beware of the nanny...
The Spirit of Small Gifts,f,f,f,theinstagrahame,A solo-journaling (+ writing to friends) RPG meta-game about sending useful items to friends playing other games.
Double Cross,t,f,f,Graffiti_Games,"Explore alternate dimensions, fight interdimensional criminals, and solve crimes in this thrilling action platformer!"
Pendula Swing: The Complete Journey,t,f,f,Valiant Game Studio,A point & click adventure game set in a fantasy version of the American Roaring 1920s
Homunculus Hotel,t,t,t,Team SolEtude,"Where your dreams come true, believe it or not"
Volk-san: Egg&Catch,t,f,f,lampysprites,"Be a wolf, catch eggs! Smol, fast, and cute agility challenge!"
Grapple Force Rena,t,t,f,GalaxyTrail,"Swing, climb, grab, and throw in this action platformer where you can grapple anywhere!"
Eye of Ra,t,t,t,BEARCABIN,Atmospheric space station simulation
Toree 2,t,f,f,Siactro,A bite-sized 3D Platformer sequel to Toree 3D!
Card Hog,t,f,f,SnoutUp,Bacon-flavored dungeon crawler
Glittermitten Grove,t,t,t,Twinbeard,Grow plants and build treehouses in this magical land of faerie delights!
i hurt myself - postjam edition,t,t,t,pastellexists,a 30-second Bitsy vignette
Delver,t,t,t,Priority Interrupt,See from the eyes of a rogue.
inbento,t,f,f,afterburn,A food-themed puzzle game where you have to arrange lunches in bento boxes!
WATER'S FINE,t,f,f,owch,come on in
Il Filo Conduttore,t,t,t,Playables,A small interactive story about about a cord.
Eatvolve,t,f,f,papadar,Eatvolve is a playful eat-em-up evolution game.
PARTICLE MACE,t,f,f,AndyMakes,A space game about swinging trash into things and dying
Pebble Witch,t,f,t,Fuzzy Ghost,Play as a witch. Talk to pebbles.
[Speer],t,t,t,and0,Use your Speer as a platform!
UPSQUID,t,f,t,01010111,An endless squid-em-up played with two buttons!
Hunter's Moon Remastered,t,f,f,Thalamus Digital Publishing Ltd.,The official 30th anniversary remastered edition of the classic C64 shoot 'em up.
A Forgetful Loop,t,t,t,BigHandInSky,A time-looping worker-placement puzzle game
Alt-Frequencies,t,f,t,Plug In Digital,"An audio mystery set in a time loop. Record, rewind time and broadcast snippets of radio shows!"
Your Future Self,t,t,t,Contortionist Games,A time-loop based experimental text adventure.
World of Solaria: Rural Village Tileset,f,f,f,jamiebrownhill,16x16 tiles and sprites for your top-down games!
A Modern Prometheus,f,f,f,Mitchell Salmon,"A Roleplaying Game for 2 Players about Gothic Horror, Dark Science, and Creating Monsters"
Backspace Bouken,t,t,t,RNG Party Games,Explore and survive as the young typist Kana in an old-school dungeon full of absurd encounters and more.
Test Kitchen,f,f,f,theinstagrahame,A co-op time management party RPG for 3 to 5 players.
Recipe on Kmiydish Paper,f,f,f,Pearse Anderson,A Lost & Found game about delicious food and the communities who prepare it.
MiniFolks - Humans,f,f,f,LYASeeK,Pixel art characters pack
Wrapped With A Kiss,t,t,t,LegendEx Games,Who says the holidays have to be lonely?
Cats are Liquid - A Better Place,t,t,t,Last Quarter Studios,A 2D platformer about a liquid cat and her friends.
Depth of Extinction,t,t,t,HOF Studios,Explore a flooded world in this tactical RPG
The Floor is Jelly,t,f,t,Auren Snyder,What if everything you touched was made out of jelly?
Super Win the Game,t,t,t,J. Kyle Pittman,A retro-core explosion of exploration and platforming action!!
Amelie,t,t,t,Two and a Half Studios,"Two women alone in a manor, and another who changes everything."
Watch Me Jump,t,f,f,Jeremy Gable,An entirely different kind of basketball game. A narrative-driven journey told in four quarters.
LiveScream,t,f,t,Lightning Rod Games,Prove the existence of ghosts to your adoring audience!
PALACE OF WOE,t,f,f,owch,sort your self out
Danger Crew,t,t,t,Team Danger Crew,"Retro-style, top down RPG about being a programmer"
Kaiju Big Battel: Fighto Fantasy,t,t,t,Super Walrus Games,"Travel through time with big, punchy monsters in this 16-bit style RPG!"
Wand Wars,t,t,t,Moonradish,"Ride brooms, cast spells and transform your enemies into adorable chickens in this intense magical sport."
Lizzi Crossing,t,f,f,Eva Lee,Find the exit in this Nonogram meets Minesweeper puzzle game.
We should talk.,t,t,t,We should talk.,An award-winning videogame about the nuance of communication in relationships.
Bonbon,t,f,f,Aetheric Games,"A short horror story, about your childhood."
Fight Item Run,f,f,f,Whimsy Machine,A Pixellated TTRPG
Build a Witch,f,f,f,Eliot Silvarian,A character creation pack for role playing or storytelling.
RITE,t,t,f,PondGames,A high-speed pixel art platformer
Tales From Windy Meadow,t,f,f,Moral Anxiety Studio,A slice-of-life interactive story about choosing your path and living in a community.
LOVE 2: kuso,t,t,f,Fred Wood,A short platforming game with a minimalist aesthetic and a focus on fair yet challenging gameplay.
Galactic Bar Fight,f,f,f,WeirdKidStudios,"Grab a drink, grab a blaster, and have fun with our VR Sci-fi Action Experience !"
NEON STRUCT,t,t,t,Minor Key Games,
Luna,t,f,f,Funomena,A game about forgiveness
Bunny Hill Horror: Bunny Boiler,t,f,f,Krunchy Fried Games,A Bizarro Horror Visual Novel Adventure
Sector 781,t,f,f,Ben James,Metroidvania Platformer
Pleroma,t,f,f,Aleks Samoylov,Are you pulling my leg or are you genuinely having one of your â¦ departures?
Cosmic Rochambo,t,t,t,dean_sick,Ram people... in spaaaaace
Four Horsemen,t,t,t,Nuclear Fishin' Software,Leave home. Start anew. Punch racists.
Self-Checkout Unlimited,t,t,t,Argent Games,Explore and unravel the mall of your mind.
Butterflies Episode 1: Rudies,t,t,t,Le Capitaine,Do you understand the concept of love?
PARANOIHELL,t,f,t,lum,It's a long walk home...
Ganbare! Super Strikers,t,t,t,rese,Turn Based Tactical RPG Soccer Game.
CROSSNIQ+,t,t,t,Max Krieger,"A y2k aesthetic arcade puzzle game, inspired by puzzle games from the late 90's!"
Tenderfoot Tactics,t,f,t,Badru,ðð±ð¥
Circa Infinity,t,f,t,KennySun,A Brain-Melting Platformer
Gutwhale,t,t,f,Stuffed Wombat,Fight your way through a whales digestive system!
MMM: Murder Most Misfortunate,t,t,t,Foolish Mortals,"A murder is committed in a secluded mansion, and it's up to you to solve it."
SHUT IN,t,f,t,HiddenTrack,Fight yourself. Die trying. The psychological horror/dark comedy game that hates you as much as you hate yourself.
Penance,t,t,t,Akselmo / Skale Games,"Destroy sin, earn your Peace. Oldschool FPS with procedural levels and a campaign mode"
Yi and the Thousand Moons,t,f,t,David Su,"A short video game musical consisting of several original interactive songs, featuring a full cast and live band."
RÃ©volution - RPG,f,f,f,Typhos Games,Tarot based RPG of political revolution in an alternate 1790s Paris
Rosette Diceless,f,f,f,Future Proof Games,"Consensus-based, story-focused, improvisational roleplaying"
Asterism,t,t,t,Crystal Game Works,Fight monsters and save the Zodiac.
Don't Escape: 4 Days to Survive,t,f,t,Armor Games Studios,Survive and escape through four days at the end of the world in this post-apocalyptic point-and-click thriller.
Scrapyard Junkbots,f,f,f,AndrÃ© Geleynse,A scrappy arcano-tech RPG about robots in the aftermath of the Arcane Apocalypse.
The W.A.R Book - Masks: A New Generation Fan Supplement,f,f,f,Five Points Games,Three Playbooks for Masks: A New Generation complete with rules for The Joined
Wicked Congregation,f,f,f,Daniel Kwan,"A solo journaling game about cults, objects of power, and isolation inspired by Resident Evil and the SCP Foundation."
Other Minds,t,t,f,Edward Atkin,Brutal collectathon platforming action with added mind control
Fur One Night Only! - Playbill Edition,f,f,f,Color Spray Games,A one-shot party RPG for 3+ fans of musicals and/or cats.
Haunting,f,f,f,Arcane Atlas Games,"A two-player, haunted house, roleplaying game"
Sunken Island,f,f,f,WuDeRPG,"A Shared Narrative where you Safe the Island today or tomorrow, or the day after .. doesn't matter - it's always Today!"
Whistling Wolf CafÃ©,f,f,f,Lucky Newt Games,"A solo cafÃ© sim game. ""You may not always get what you want, but you'll always get what you need."""
The Waiting,f,f,f,J.N. Butler (they/them),A one page GM-less roleplaying game of suspense for 1 or more players.
A New Shell,f,f,f,breathingstories,A small lyric game about starting again
Sword Saga,f,f,f,dannymakesrpgs,Telling the story of a weapon from its creation to when it stops being used
A NIGHTMARE'S TRIP,t,t,t,SKY HOUR WORKS,Turn the nightmares of the past into a fantastical dream made real.
Tallowmere,t,t,t,Chris McFarland,Raise your shield.
ART SQOOL,t,f,t,Glanderco,~*LET'S DRAW*~
The Wratch's Den ð¹,t,f,f,PUNKCAKE DÃ©licieux ð¥,Roguelike Dungeon Builder and Defender
WE ARE DOOMED,t,f,t,Vertex Pop,"Zap polygon baddies in a neon, geometric glitch world."
Dogs Throwing Swords II: Three Barks To The Wind,t,f,t,Lily V.,A sidescrolling bark-em-up where you create and guide a team of very good dogs to save their home!
Marginalia,t,f,f,Connor Sherlock,A slow burn horror game
BasketBelle,t,f,f,onemrbean,Experimental Basketball Adventure
Disobedient Sheep,t,t,t,sicklydove,A lighthearted sheep herd'em'up.
Commune Corvidae,t,f,f,Mike Agresta,Glide above the clouds and explore a rebuilding community
IGEO,t,f,t,Mindnumb Interactive,Colorful puzzler where you eliminate blocks by pushing them together.
The Search,t,f,f,Jason Godbey,A story-driven puzzle-adventure set in a mysterious world where art comes to life!
Nauticrawl,t,f,t,Armor Games Studios,"A stolen, enigmatic machine is your only way out. Puzzle out how to pilot the Nauticrawl in this atmospheric adventure."
Flufftopia,t,t,f,SmokeSomeFrogs,Clicker Game with Story
cryptkeeper,f,f,f,pancelor,the crypt broke again; better go reboot it
The Land Beyond,f,f,f,Cezar Capacle,A solo RPG about letting go
Headspun: Dazed Edition,t,f,f,SUPERSTRING,An FMV/Adventure hybrid set in the human brain
Cats are Liquid - A Light in the Shadows,t,t,t,Last Quarter Studios,A minimalistic 2D platformer about a cat with the ability to transform into liquid.
Not the Robots,t,t,t,2DArray,Not The Robots is this yearâs most exciting Roguelike Stealth Furniture Eating Simulator.
Xenogunner,t,f,f,Clickteam,Blast your way past a large variety of bosses in this intense boss-focused run-and-gun platformer!
Soundodger+,t,f,f,onemrbean,Dodge the beat and move to the music.
Hanukkah Goblins,f,f,f,Max Fefer,A lyrical GM-less Jewish game about Hanukkah goblins working together to save Hanukkah!
Operation STEEL,t,t,t,BB,A shoot-em-up with rogue-lite elements and beautiful hand-drawn graphics
Nebs 'n Debs (NES),f,f,f,Dullahan Software,Run-jump-dashing-platforming-crystal-collecting action!
The World is Ending and We Are Very Large Dogs,f,f,f,Eden,A Tabletop Game about Bringing Happiness at The End
Guppy,t,t,t,Christiaan Moleman,2D watercolor fish simulation
Future Unfolding,t,f,t,Spaces of Play,Explore a mysterious landscape filled with life.
Paris Gondo - The Life-Saving Magic of Inventorying,f,f,f,Kalum from The Rolistes Podcast,A Play-Based Method in SIX STEPS to BANISH ENCUMBRANCE FOREVER!
Reaching in the Dark,f,f,f,ostrichmonkey games,"A misty, fantasy PbtA Game"
The Frost Papers - Ten Games to Play in the Dark,f,f,f,Arcana Games,"""The Ouija Board of Roleplaying Games"""
Portrait in a Room of Mirrors,f,f,f,spines,"The mirrors reflect back each a different variation of your face, but only one image will remain true."
Wizard Pals,f,f,f,Tadhg Lyons,"A collaborative game of magic, friendship, and identity."
The Flexorcists,f,f,f,kumada1,Suplex the unseen. TTRPG.
A Great Miracle Happened Here,f,f,f,Seth Alter,A short Jewish revolutionary TTRPG
ThÃ¡lassa,f,f,f,zeruhur,Mythical Age Role-Playing Game
Rewwixta,f,f,f,GÄ§ar Gremxul,A solo storygen TTRPG about a local rebellion against colonial powers. Based on a Maltese folk game
Tarot Telling For Two,f,f,f,Dvaleris,A Tarot-based RPG for Two Players
Fossil Hunters,t,f,t,Reptoid Games,An action-adventure game about digging for fossils and building your own dinosaurs!
</reality>,t,t,t,Fancy Fish Games,"When a VR console feels more ""real"" than reality itself, Lilya must confront her beliefs about the nature of existence."
Hero Generations,t,f,t,Heart Shaped Games,"If every step was one year of your life, which path would you take?"
A Hole New World,t,t,t,MadGearGames,Fight the hordes of Shadows that come out  from the Underworld through thousand of holes
Quest of Dungeons,t,t,t,David Amador,"A turn based roguelike game. An evil Dark Lord has stolen all light, your mission is to enter his lair & defeat him."
Combo Postage,t,t,f,Kirk Lindsay,"Small 1-player puzzle action game: Dodge, tape, and stomp boxes!"
Interactivity: The Interactive Experience,t,f,f,Aetheric Games,Please enjoy this interactive exhibition. But not The Button.
Wizard Battle,t,f,t,Scott Ethington,A puzzle game about a wizard falling down a hole.
The Light at the End of the Ocean,t,t,t,Jane Titor,A visual novel about about unlikely friendship and loss of identity
Color Jumper,t,t,t,Tallbeard Studios,"An abstract, color-based puzzle platformer."
Choice Chamber,t,f,f,onemrbean,"A real-time, crowdsourced, procedurally generated game where your fate is in everyone else's hands"
Sun Dogs,t,f,t,Royal Polygon,a transhumanist adventure
8bit Overworld Tileset,f,f,f,itchabop,A retro flavoured topdown tileset with focus on ease of use.
gloom reducer,t,f,f,owch,?which way?
"In me, a constellation - a cosmic personality quiz",f,f,f,Nate Kiernan,"The stars watch and speak in archetypes. We align ourselves to them, and in doing so create stars of our own."
Pass the Buck: A Game of Corporate Responsibility Management,f,f,f,carolmertz,A Print-&-Play satirical card game for 3-5 players
Quiet as a Stone,t,f,t,Distant Lantern,Throw Rocks Plant Trees. Ambient slow game for casual creators. Countryside exploration and creation.
Bunny Hill Horror,t,f,f,Krunchy Fried Games,A Bizarro Horror Visual Novel Adventure
forma.8,t,f,t,MixedBagGames,Explore a remote alien planet with a unique visual style.
Shipwreck,t,t,t,Brushfire Games,"An adventure game in which you must travel the land, explore dungeons, and defeat monsters to escape the island."
Ripped Pants at Work,t,f,t,Scott Ethington,A frantic stealth game about searching for new pants
A Light Long Gone,t,t,f,muddasheep,Interactive music album release.
The Crystal Golem,t,t,t,Luis S.,Descend into the Earth and face the Void.
Spooky Station,t,f,f,EstÃºdio Vaca Roxa,Welcome to Spooky Station! A Halloween-themed game pack for all ages.
The Count of Monte Carlo,t,f,f,PhilBlank,Experience Blackjack like you've never seen before in this gambling RPG!
NO THING,t,t,t,Evil Indie Games,NO THING - Surreal Arcade Trip
LAZA KNITEZ!!,t,f,t,Glitchnap,LAZA KNITEZ!! is a fast-paced jousting deathmatch game for up to 4 players.
Curious Expedition,t,t,t,Maschinen-Mensch,A roguelike expedition simulation set in the late 19th century.
Death Drives A Bus,t,t,t,Tallbeard Studios,Deliver souls to heaven or heck before you run out of gas.
Widget Satchel,t,t,t,Noble Robot,Get widgets. Build doohickeys. Do mischief.
Rose & Time,t,t,t,Sophie Houlden,A short time-travel puzzle game
Possession,t,t,t,Weirdfellows,A turn-based traditional roguelike where you play as a ghost who can possess other creatures in the dungeon.
SPLASH BLAST PANIC,t,t,t,TeamKwaKwa,Competitive Multiplayer Party Game
Fake Illusions - Encore Update,t,t,f,Auroriax (Tom H.),Spot cheating optical illusions in the ultimate test of your focus!
dstnce.,t,f,f,daniel coady,"this is your game, it is what you make of it."
And Yet It Moves,t,t,t,Broken Rules,Turn your world upside-down!
Enoch's Wake: A Player's Guide to the Infinite Void,f,f,f,R. Rook Studio,"The fantasy comet city of Enoch, along with rules for character creation and play."
Dreampunk (rulebook),f,f,f,Xavid,a surreal card-based player-driven ttrpg
Planedawn Orphans,f,f,f,Sharkbomb Studios,A planepunk fantasy campaign kit for any system
sweet*peony,f,f,f,Adam Silverstein,Life in Simple Moments
Water Landing (Dracula Edition),f,f,f,theinstagrahame,"A survival scenario for the Cast Away RPG, powered by Carta."
Lords of Eternity,f,f,f,Live Real Productions,The Prize is big. The Power is great. Betrayal is always an option.
MiniFolks - Undead,f,f,f,LYASeeK,Pixel art characters pack
Runt Tabletop Roleplaying System,f,f,f,Devon Wiersma,An ultra-light RPG system for 2+ players requiring no cards or dice - just some friends and a little imagination.
Detail,f,f,f,HorsepondMine,A worldbuilding game for 1-5 players
Rodents with Guitars,f,f,f,CuriousCat Games,"A simple, fun TTRPG where characters are a bunch of rodents who want to win a guitar band contest (English and German)."
Delve Too Deep,f,f,f,seedling,A system-neutral fantasy one-shot adventure
Compromise//Empire,f,f,f,Swamphen,A 2-3 player GMless game about resisting Empire
Filmmakers Without Cameras: a film and games zine,f,f,f,Eryk Sawicki,a film and games magazine
CARRY ON - 24XX Monster Hunters,f,f,f,Chaosmeister,"The supernatural is real, and you are here to stop the monsters â an homage and goodbye to a 15-Season journey."
LZ13,f,f,f,emmy,Icy moon horror scenario
Doodle Date,t,f,f,Nick Lives,"Date your own drawings! Forget about finding true love; In Doodle Date, you create it!"
Spell Casting,t,t,t,Gord Games,Cast spells by tracing shapes!
Concentric,t,f,f,zerofiftyone,Concentric is a minimalist action game about gracefully moving in circles
Secrets of Raetikon,t,t,t,Broken Rules,Uncover the Secrets of RÃ¦tikon
The Fall of Lazarus,t,f,f,No Wand Studios,A first person exploration science fiction mystery game. Fathom all the story exploring an abandoned cargo spaceship.
Towayami,t,f,f,Andrea Pignataro,æ°¸ä¹é
Portal Dogs,t,f,f,Brain Connected,"In the puzzle platformer Portal Dogs, a horde of dogs are following their king through the portal world."
Wheels of Aurelia,t,t,t,Santa Ragione,A narrative racing game set in the roaring Italian 70s
FroggieChat,t,f,f,Stupid++,A faithful remake of Pictochat for Windows and Android
Ossuary,t,f,f,Future Proof Games,Fall into the place of bones.
"Frick, Inc.",t,t,f,Kenney,Control various trucks through challenging levels!
Dawn of a Soul,t,t,t,Waldemar Umaniz,A mathematical puzzle game about creating perfectly balanced paths by building chains and combos.
Intra-System: Trust Issues,t,t,t,SmokeSomeFrogs,Intra-System: Trust Issues is a short game based on decisions.
An Airport Game,t,f,t,Konig Games,You've got one hour to make your flight and you're about to hit every conceivable airport related obstacle imaginable!
Batbarian: Testament of the Primordials,t,f,f,Dangen Entertainment,"A snarky, 2D action adventure featuring hundreds of puzzle-filled rooms in an eldritch abyss!"
pygame 4000 book,f,f,f,pygame,"pygame programming book. Support pygame, and learn you some python, C and pygame."
The Machine's Garden,t,f,t,Too Much Tomato,solve puzzles & unravel the mystery of the Machine's garden
The Empire Never Ended,f,f,f,Majcher Arcana,Philip K. Dick inspired hack of What's So Cool About Outer Space?
Sedentary Dances,f,f,f,Rule 42 Arts Coalition,A Zine Collection of Poetry Games
Gift of the Sea,f,f,f,Glowing Roots Press,A tidal folk horror incursion for Trophy Dark
There's A Wolf In Those Woods,f,f,f,Alex Rinehart,A murder mystery experience for 5-6 players
Dragons of Tirenia Adventure Module: Double Cross (for use with 5e),f,f,f,skybeargames,"The adventure 'Double Cross', and the introductory guide to Dragons of Tirenia, a new RPG campaign setting (using 5e)"
The Anatomy of A Song,f,f,f,yanahn,Follow a Song through its Life - A Solo Journaling Game
Beyond Super: Life Behind The Mask,f,f,f,Max KÃ¤mmerer (he/they),Take a peek behind the mask of a superhero
The Vitacernis,f,f,f,brstf,A settlement + adventure for the Mausritter RPG
Third Sphere,f,f,f,Spooky Jaguar Productions,Death Grips inspired Troika! zine for ZIMO 2022.
Haiduc,f,f,f,Haiduc,
Sound Typist,t,f,f,andyman404,This app gives your keyboard responsive audio feedback for a better typing experience
Born of a Bloody Film,f,f,f,ATypicalFaux,4 MÃRK BORG Horror Movie Monsters
Dark Academia Ren'py GUI Design,f,f,f,Jaime Scribbles Games,A custom GUI made for Ren'py visual novels
We Are Champion,f,f,f,Asmus/Kinas,A competitive TTRPG about an unknowing champion and their patrons.
A Voyage to Fairy-Land,f,f,f,amandalee,15 paper minis for tabletop rpgs
Birds Love Dirt!,f,f,f,Emily Jankowski,"Be a bird, play in the dirt, have fun"
Pastel Paradise,f,f,f,Robin FjÃ¤rem,A vacation sphere for Troika!
"Hi [NAME], I'm Dad!",f,f,f,breathingstories,This is how to be a dad in 2 simple steps
Dangerous Roads Ahead,t,t,t,Maxjk0,What happens when you remake a game that was never meant to be played?
Immanence,f,f,f,spicycurrybread,A sci-fi slice-of-life RPG set on a massive interstellar passenger ship
TEOCALLI,f,f,f,coldrice,Traverse 13 levels of the temple to find the lost treasure!  1bit Roguelike
Nepenthe,t,t,t,Yitz,You wake up with no memory. Your day is starting off great!
Peck N Run,t,f,f,Spilt Milk Studios,Feed the chicks! A fast-paced arcade action game about pecking... and running.
Home - A Unique Horror Adventure,t,f,t,BancyCo,Home is a murder mystery with a twistâbecause you decide what ultimately happens.
EVADER,t,f,f,zerofiftyone,Graceful twin-stick arcade action with no bullets.
Planet Diver,t,t,t,Fabraz,Planet Diver is about an adventurous daredevil tackling her newest obsession: Wing suit diving.
Clean ATTACK!,t,f,f,diadas,Window Cleaner Man comes to rescue Window Town to clean its windows.
Head AS Code,t,f,f,Miracle Moon,"Eight captives cooperate or compete for escape, all under the manipulation of a dangerous psychopath."
Blast Rush,t,f,f,Bipedal Dog,The infinite-bomb shoot-em-up
Interstellaria,t,t,t,coldrice,"Manage a fleet across a dangerous galaxy! Battle in space, and on planets."
Quible Sphere,t,t,t,Hertzole,Ball rolling platformer
Catlandia: Crisis at Fort Pawprint,t,f,t,Polar Tabby,Be A Cat
RB: Axolotl,f,f,f,Actawesome,"A dark and emotional mystery, dripping with humor and full of surprises, starring cute axolotls!"
Sub-Uber-Marine,t,t,t,Extar,Pilot a submarine taxi in this fast-paced arcade game
Intelligent Design: An Evolutionary Sandbox,t,t,f,Pill Bug Interactive,A toy ecosystem with fully simulated genetics and evolution.
Swung,t,f,f,Extra Nice,Be the SWORD!
Button City,t,f,t,Subliminal Gaming,A narrative-adventure about a fox and an arcade in the sky.
Chronology: Time Changes Everything,t,f,f,Bedtime Digital Games,"A platform-adventure game about time travelling, puzzle solving and a friendship between an Old Inventor and a Snail."
Gunhouse,t,t,t,Necrosoft Games,Load your guns! Rain death from above!
24 Game Poems,f,f,f,Majcher Arcana,"Twenty-four short, evocative role playing games for two or more players."
Paradise Killer Art Works,f,f,f,KaizenGameWorks,"Paradise Killer Art Works collects the beautiful character art, and sun drenched environments from Paradise Killer."
INDEPENDANT VIDEO VIDEO GAME,t,f,t,BenWeatherall,FMV Performance art piece.
Stellar Interface,t,t,t,ImaginationOverflow,A space-shooter meets a rogue-like.
Roll for Confidence: A CMC Vignette,t,t,t,Toadhouse Games,"A wholesome story about what it means to be a strong, confident woman."
Top of the Table Soccer,f,f,f,tim zee,The pen and paper soccer game.
The Geography,t,t,t,Paws Menu,an endless nonlinear orchestration
World of Wyldrvir Core Book (Anniversary Edition),f,f,f,Wyldrvir RPG,Welcome to Wyldrvir! Your journey starts again today!
Quest Of Graal DX,t,t,t,pixel-boy,Racing platformer with splitscreen multiplayer
The Pried Eye: A Trophy Dark Incursion,f,f,f,ATypicalFaux,Step into cosmic body horror and ego death
Filmmakers Without Cameras: The Second Issue,f,f,f,Eryk Sawicki,a film and games magazine
NETWORK 23 [ENG],f,f,f,Mangusta,Weird 'n' Wonderful cyberpunk.
Taimumari: Definitive Edition,t,f,f,TERNOX,Retro-style platform game in keeping with the best traditions of games of our childhood
Deep Forest - 16 Colour Tileset,f,f,f,aamatniekss,Limited 16 colour palette tileset
Soft Focuses,f,f,f,C. R. Legge,You are an alternate version of yourself. You have ADHD.
Iron Edda Reforged: Season One - Jotunheim (ALPHA),f,f,f,TheOtherTracy,"Ragnarok is coming, and it's you"
Chinese Ghost Stories We Tell Ourselves,f,f,f,DaredevilAlyx,"Be a member of a Chinese Family, collaboratively exploring and creating a Chinese Ghost story"
UNBEATABLE: DEMO TAPES,f,f,f,D-CELL GAMES,The official soundtrack for UNBEATABLE [white label]!
GrimBlade RPG,f,f,f,Beckelhimer,A light and fast-paced roleplaying game of adventures and stories set within an implied Grim Fantasy world.
"Orchidelirium, Volume One: Expedition Rules",f,f,f,Luke (Ãther Corp),A Tabletop Role-Playing Game regarding Orchid Hunting during the Reign of Queen Victoria
The Manse on Soracca,t,f,f,MoonMuse,A retro adventure game of mystery and madness!
"Rising Tide, a Paragon Playset",f,f,f,cosmicbeagle,Global Direct Action Ecojustice
Ribbons: A Setting Guide for Masks,f,f,f,Eva Terra,Magical girls fighting evil and schoolwork.
Kakatte Koi Yo!,t,f,f,Back Slash Games,A platform fighting game about cats.
Playing Kindly,f,f,f,Jacqueline Bryk,"Thoughts on Safety, Solidarity, and Integrity in Analog Games"
Pixross,t,t,f,Kenney,Over 160 relaxing logic puzzles!
The Map-a-Plot Deck,f,f,f,Eric Nieudan,"54 cards to create a fantasy plot. For use in writing, RPG prep, and improv'd story games."
Witch You Were Here,f,f,f,breathingstories,A spell for time travel to more beautiful times.
Sophie's Cubes,t,f,t,Sophie Houlden,A puzzle cube program
Curse of the Emerald Sea,f,f,f,Robin FjÃ¤rem,A sandbox swashbuckling setting for Knave
Monster Realm: Student Exchange Program,f,f,f,Lucky Newt Games,"In a school of monsters, will you make lasting friendships or bitter enemies?"
DEMONBREAKERS,f,f,f,instadeath,A one page rpg that is basically Ghostbusters in a Monty Python and the Holy Grail setting.
FURIOUS ROADS -  Postapoc Tricube Tales,f,f,f,Chaosmeister,Enjoy frenzied action while you strive to survive in a desolate wasteland.
Duelists Of The Pages,f,f,f,StarshineScribbles,Create Swords From Your Words
Salthaven,f,f,f,Robin FjÃ¤rem,An adventure for Cairn
Panic Factory,t,f,f,Pix Grinder,
Mutiny Island,t,f,f,Elushis,"Mutiny Island is an open-world style pirate game. Reclaim your ship, The Red Dawn, by any means!"
StarFighter R&D HD Edition,t,t,t,Gord Games,Research - Design - Test
Curse of the Crescent Isle DX,t,t,t,1amowery,Save your kingdom!
ERRANCE,f,f,f,angela-quidam,"a one-page game (zine?) about forced departure, roaming and hopes"
Without Escape,t,t,t,Bumpy Trail Games,Horror Point and Click Graphic Adventure
The Tower: The Order of XII,t,t,f,Sword Garden Studios,"The Tower: The Order of XII is a humble puzzle game, a fantasy interconected franchise of games, stories and characters."
Hellcraze,t,f,f,ELV Games,Bullet hell dungeon crawling with a simple mission... KILL THEM ALL!
"About Love, Hate & the other ones",t,t,t,Black Pants Studio,A puzzle game starring Love & Hate
The Black Pit,f,f,f,zeruhur,A Sphere for Troika!
Build a Druid,f,f,f,Eliot Silvarian,A character creation pack for role playing or storytelling.
Fairy Corgi Steeplechase,f,f,f,Varnished Truths,a 1-page racing game with fairies and corgis
An American Werewolf in LA (EN),t,f,f,PlayMedusa,Spiritual successor to the 80s classic âAn American Werewolf in Londonâ
Record Store Nightmare,t,f,f,hotseatgames,The dead have risen... and they want music!
Catty & Batty: The Spirit Guide,t,t,f,muddasheep,Cooperatively build a path to guide spirits home ð»ðð¦
SpaÃ Taxi,t,t,t,ScaniX,"Retro action/dexterity game. Remake/Clone of the classic ""Space Taxi"""
ParamediCats,t,t,t,Jasonsumm,"an animal-themed treat-em-up, with over 10 animal species to meet AND treat"
Attraction Force,t,f,f,and0,"Attract, dodge, kick!"
Hexed,t,f,f,Misfit Games,People are vanishing and monsters are appearing more often. It's time to find out why!
Chimpology,t,t,t,themorfeus,"Internet was slow, because monkeys."
"HomeTeam GameDev training library: gamedev textbook, examples, exercises, articles, productivity & philosophy audiobooks",f,f,f,HomeTeam GameDev,"Game development ebooks, plus two audiobooks"
Last Fleet,f,f,f,Black Armada Games,The last of humanity flee across space from a merciless inhuman adversary
HÃ©ros d'Argile,f,f,f,angeldustjdr,ProtÃ©ger ceux qu'on aime
Tiny Tales: Overworld 2D Tileset Asset Pack,f,f,f,Mega Tiles,A 2D top-down based tileset pack for your RPG and Rogue-like game creation needs!
SC: Monster Pack 2 - DELUXE EDITION,f,f,f,SeraphCircle,"20+ monsters, 5+ variants each! Featuring itch.exclusive bonuses: PSDs, Drafts, Updated artworks and new variations!"
Infini,t,t,f,Barnaque,Lose yourself in Infinityâ¦ but never lose Hope. Try to escape a world of never-ending puzzles and oddities.
Attentat 1942,t,t,t,Charles Games,Historically-accurate adventure about ordinary people during World War 2.
Slow Sleigh to Plankton Downs,f,f,f,Melsonian Arts Council,A journey to the glaciated world of Mora's Misstep
"Die, Grave Robber, Die!",f,f,f,Michael Van Vleet,A gothic horror incursion fueled by Trophy Dark!
Old Gods and Young Guns,f,f,f,Rat Wave Game House,A marble-based story game in two parts. Jack Kirby's Fourth World meets the space western.
To Stand Before the Dragon's Wrath,f,f,f,Glaive Guisarme Games,Slay a dragon or die in the attempt.
Penumbra: A Trophy Dark Incursion,f,f,f,ATypicalFaux,Only the poison can save them
Shell Out Showdown,t,t,f,manadream,"A food-fight, reverse battle royale, set in the near future. Control a sapient vending machine and throw food to glory!"
Wonderland Nights: White Rabbit's Diary,t,t,f,skybeargames,Play as the White Rabbit in a schedule-based visual novel game set in the world of Alice in Wonderland.
RAYCATS!â¢ - NEW RELEASE!,f,f,f,6 String Games,A MICRO-RPG about TOTALLY RAD nuclear-mutant cats!
MiniFolks - Orcs,f,f,f,LYASeeK,Pixel art characters pack
The Creature Comes for Us,t,t,t,OrionQK,"A card-drawing game for 1+ players. Create a world, a menace to threaten it, heroes to fight it, and then do battle."
Tic Tac Together,t,f,f,andrfw,A team-based twist on Tic Tac Toe!
Murder at the Cat Show,t,f,t,ShontÃ©,A light-hearted murder mystery about cats and middle-aged ladies.
Dwarves of Renidar,f,f,f,Stuart Watkinson,A players guide to a dwarven culture.
Asteroids... But Roguelite,t,f,f,GhostGoats,
Loot the Plutes,f,f,f,Penflower Ink,"A table-top role playing game of heists, roguish swashbuckling & wealth redistribution."
Wanderers,f,f,f,Aurora_Sanguine,A fantasy tabletop RPG when you choose your characters and then create the world
Statuesque,f,f,f,Whimsy Machine,A Solo/Dual TTRPG in Two Acts
Millikan's Reach,t,f,f,Inferior Planet,A Streamlined Open-World Space Sim
Butterflies Episode 2: Getting Up,t,t,t,Le Capitaine,Stop playing games 'til I'm done exchanging names
2   9   0   1  / / FREELANCER,t,f,t,notsleeping,>TRASHY CYBERPUNK  SIM
Hell Holes,f,f,f,Aryxymaraki,A fantasy golf dice game about escaping from Golf Hell through victory in a demonic golf tournament.
Here & Far,f,f,f,instadeath,A solo journaling game about not being able to communicate.
Blugard,f,f,f,Live Real Productions,"The King is guarded by the Blugard, ancient guardians tasked with defending the body that brings life to the world."
Build a Bard,f,f,f,Eliot Silvarian,A character creation pack for role playing or storytelling.
All Hands on Deck,f,f,f,Alice V.,"A storytelling game about a ship, its crew, and the sea they sail on"
Into the Forest,f,f,f,Secret Foxfire,A tabletop game for 1-3 players about exploring an ancient forest.
Hairic RPG Minis - Hero Pack 02,f,f,f,Hairic Lilred,A collection of Paper miniature for your RPG campains
The Wizard's Co-Op,f,f,f,Gem Room Games,"A mesa most magical, home to six irresponsible wizards making life hell for the whole countryside!"
Spectre Moose is on the Loose!,f,f,f,Jason Miscia,A game of moose-like determination & attention-seeking behavior.
Nonsense Soccer,t,t,t,AnttiKole,Arcade-style 2D platformer-soccer-hybrid
Pleasant Dreams: The Welcoming Play of Kirby's Dream Land,f,f,f,Joel Couture,An unofficial look at Kirby's Dream Land's attitudes towards difficulty in games and its ability to teach new players.
Dinos for Quest - Volume I,f,f,f,tim zee,An NPC booklet for Quest
Enchanted Blend,f,f,f,Lucky Newt Games,Infuse your favorite hot drink with some magic to help you through your day.
New Heights,f,f,f,somewhere with stories,"It is time to begin your journey: new skies, new sights, new shapes to see above familiar ground."
The Season,f,f,f,Rue (ilananight),A Regency Era One Page RPG
VOID,t,f,f,Kent Reese (whenbellstoll),a game about finding knowledge in darkness
KING IS DEAD,f,f,f,Seraaron,"Print-n-play TTRPG about a family of giants, their feuds, and a prophesy that spells doom. Inspired by Welsh Mythology"
The Last Librarian,t,t,f,Cloaked Games,Action-Adventure Puzzle game. Open-world exploration and puzzling dungeons.
Zombusters,t,t,t,Retrowax,A retro style zombies shooter with cool isometric pixel art
Vienna Automobile Society,t,f,t,Royal Polygon,An arcade racing game of strategy and reflexes
Last Knight: Rogue Rider Edition,t,f,t,Toco Games,Last Knight is over-the-top jousting action in a beautiful brutal fantasy world!
"It's Six Random Characters and a Single Floor Dungeon, That's the Whole Game",t,f,t,CannibalInteractive,A one floor 2-bit roguelike first person dungeon crawler.
The Fantaballous Tilt,t,f,f,TerraDev64,A Marble Maze game.
Polyroll,t,f,f,HOF Studios,The roly poly with attitude has to rescue his friends in this retro platformer inspired by the classics!
Clash Force,t,f,f,Shiny Dolphin Games LLC,"A retro, 8-bit style run-and-gun inspired by Saturday morning cartoons of the 80s!"
The Spark of One,t,t,t,Princemarioone,A game for Dr. Martin Luther King Jr.
Cycle 28,t,t,f,Pill Bug Interactive,Classic arcade space combat game where you have six minutes to beat your high-score.
The Great Soul Train Robberyâzine edition,f,f,f,Cloven Pine Games,A game of Desperados robbing the train to Hell. A complete ttrpg in zine form.
Final Spike,t,f,t,Sean Heron,Make sets. Bob and hit. Spike it down. A one-on-one beach volleyball game.
Swim Out,t,t,t,Lozange Lab,A puzzle game that makes a splash
Ready Set Bake: a floury mini-RPG,f,f,f,Sunken Rust,A mini TTRPG for 4-14 Bakers and a Host
Chronicles of two Heroes,t,f,f,Infinity Experience,Chronicles of 2 Hereoes: Amaterasuâs Wrath is a 2d action platforming game with metroidvania elements.
MiTOS,t,f,f,Kikimora Games,"You are an invader,  a multiplying army of one.  This world is dying and you are here to take part in the feast."
Purple Noise Echo,t,f,t,ukioq,An ambient tactical game in which you play a silicon entity in a dark and abstract universe made of hexagonal tiles.
Steam Marines 2,t,t,t,WorthlessBums,Steam Marines 2 - a steampunk tactics game
GourMelee,t,f,t,Anthony Tesija,A 2-8 player local multiplayer party game where friends share controllers to become the best chef in the kitchen
Good Morning Hon,t,t,t,Jess Andz,You said you'll always be with me.
"An Outcry, prelude",t,f,f,Quinn K.,A short alt-literature delivery device by Quinn K. and Jack King-Spooner
Steam Marines,t,t,t,WorthlessBums,Squad-based roguelike - marines on a steampunk spaceship.
SPACE / MECH / PILOT - THE UNIVERSE DRIVE 1.0,t,t,f,SKY HOUR WORKS,Unlock the power of the cosmos with SPACE / MECH / PILOT - THE UNIVERSE DRIVE!
Mostly Intense Monster Defense,t,f,f,Patsui Games,Defend your dungeon against a bunch of impolite humans in this humorous tower/lane defense game.
Bringris,t,f,t,Zeno Rogue,non-Euclidean falling block game
Dino Island - The Four Crystals,t,f,f,felipehunter,Classic adventure based on NES/SNES games. Explore this island of dinosaurs!
Prison of the Magi: Ch. 0,t,f,f,Honeycomb Interactive,Cosmic horror adventure game. More chapters to come!
Parselings Core Rulebook (PDF),f,f,f,Smunchy Games,Parselings is a modern Deck building Tabletop RPG about using collaborative word magic and discovering your place in it.
Sausage Sports Club,t,f,t,Chris Wade,Sausage Sports Club is a physics game about floppy animals playing sports!
Catlateral Damage: Remeowstered,t,f,f,Manekoware,The premier first-person destructive house cat simulator is back with a vengeance!
Pig Eat Ball,t,t,t,Mommy's Best Games,"Imagine Super Mario Galaxy + Pac-Man! Explore action-puzzle Space Stations Hubs, 200+ levels, and 10 Bosses!"
Eyewear Cleaner 2077,f,f,f,Naomi Norbez (call me Bez),A game for the rest of us.
Bro Hunters,f,f,f,TheOtherTracy,"Hey, Bro, let's hunt some ghosts, Bro!"
witching hour,f,f,f,Michael,An album of stuff I worked on for Soulstober 2021.
Sci-Fi Space - Customizable Pixelart Backgrounds,f,f,f,aamatniekss,Customizable space backgrounds!
qvke borg,f,f,f,Bird Silhouette Games,An expansion sourcebook for MÃRK BORG
Clink,f,f,f,Technical Grimoire Games,"Non-linear, coin-flipping RPG of mysterious drifters."
TabletopMusic.com - The Adventurer's Collection Tabletop Soundtrack,f,f,f,Slaleky,48 original music tracks to add atmosphere to your TRPG sessions!
LOST ORBIT: Terminal Velocity,t,f,f,PixelNAUTS_Games,"Prepare to embark on a perilous journey filled with deadly pirates, aliens, asteroid fields and the emptiness of space!"
Against the Fall of Night Playtest,f,f,f,Aryxymaraki,"Night falls, but heroes rise."
Pixel Side-Scroller Plains Tileset,f,f,f,"Thomas Feichtmeir ""Cyangmou""",Tileset Graphics & Sprites (all animated)
Dangerous Times,f,f,f,Michael Bacon,"Tabletop RPG, ""Muckrakers and Magic in Old New York""."
Ancient Temple - 16 Colour Tileset,f,f,f,aamatniekss,Limited 16 colour palette tileset
Paradise Mountain - Chronicles of Spring & Autumn #1,f,f,f,Daniel Kwan,A martial arts micro setting by Daniel H. Kwan
El Gancho,t,f,f,SIDRALGAMES,laser-hook platformer
Meta Form,t,f,f,Aesth,Surrealist point-and-click adventure game with a touch of existential dread and a whole lot of escapism.
Butter Princess,f,f,f,oldworldmaps,A modern day incursion for Trophy Dark set at a State Fair.
Scramble Wizards,f,f,f,NikyEllison,A magical Racoon adventure full of chaos and heart.
These Old Bones,f,f,f,Cameron,A map-making game about digging up the past and building a history.
Dream Quest,f,f,f,Nakade,A lost adventure game from 1980
Curious Comrades Vol. I,f,f,f,tim zee,Odd NPCs for Mausritter.
Psychic Night School,f,f,f,Button Kin Games,"A GM-less TTRPG about being, or pretending to be, psychic"
We Saved The World Once,f,f,f,Drazillion,A 2-player TTRPG about former friends
The Starbreaker: A Beam Saber Playbook,f,f,f,Lawson Coleman,A playbook about wielding a dangerous arcane power for Beam Saber
The Wellspring: A Beam Saber Playbook,f,f,f,Lawson Coleman,A  beam saber playbook about being a source of growth and abundant life in a world ravaged by war
FUTUREVOXIMAGINARIUMDOTEXEV1.1:DOGELOVEREDITION,t,f,t,BenWeatherall,The future simulated in voxels. AGAIN!: Version One Point One (~ÉkÉÊ one one one one)
Strife of Cosmos,t,f,f,MythAtelier,Space Fantasy Battle RPG
Viral Reload,t,t,t,Retrocade Media,An Infinite wave based shooter with a unique dash mechanic
The Partisan: A Beam Saber Playbook,f,f,f,Lawson Coleman,A Playbook about A pilot and their handler For Beam Saber
International Waters,f,f,f,capybarbarian,A cyberpunk scenario for use with The Sprawl
"You are 100 Goblins, Now Go Save the World",f,f,f,NikyEllison,A one page TTRPG where you take control of 100 Goblins as you try to save the world!
Medusa in the Sleeping Garden,f,f,f,Therapeutic Blasphemy Games,A short dungeon crawl compatible with MÃRK BORG.
A Sketchbook About Her Sun,t,f,f,Team SolEtude,Comic book artist Lucia needs a break
Lydia,t,f,t,Platonic Partnership Ltd,
The Selkie Envoy,f,f,f,chihuahuazero,An Ironsworn adventure of ice and peril
Bombing!!: A Graffiti Sandbox,t,f,f,Devon Wiersma,A paint-anywhere graffiti game
Spooky Raven Ren'py GUI Design,f,f,f,Jaime Scribbles Games,A custom GUI made for Ren'py visual novels
FURIOUS ROADS - Minimal Post-Apocalypse,f,f,f,Chaosmeister,Enjoy fast and frenzied action while you strive to survive in a desolate wasteland.
Neon Depth,t,f,f,mikomoares,Puzzle platformer in wich failure is progress
Dungeon Escape,t,t,t,Roenko Games,Challenging 2D platformer with simple graphics and great chiptune soundtrack.
Follower #1: Velox Comic Book PDF,f,f,f,bugbyte,"Before you can lead, you must learn to follow."
Once Upon a Birthday,f,f,f,Lynne M. Meyer,You and your magical friends are planning a surprise birthday party for someone special. Will there be a happy ending?
You are Me,f,f,f,Unnecessary Games,"A 2-player game  about 5 minutes long, playable anywhere, with anyone."
Dragons in Space,t,f,f,The Voices Games,
The Jewel of the Sea,f,f,f,Rue (ilananight),A Seafaring One Page RPG
What REALLY Happened.,f,f,f,instadeath,You are the character that was written out of the story.
Hairic RPG Minis - Hero Pack 01,f,f,f,Hairic Lilred,A collection of Paper miniature for your RPG campains
Space Samurais,f,f,f,Root | Dice Stew,Light vs. Dark inner conflict Honey Heist style
Summoner's Mess,t,t,f,Elendow,Enter a huge manor to fix the mess you've made summoning a beast from the depths.
Little Burned Maiden,t,f,t,Amaiguri,The Assassin Life-Sim about Murder and Self-Care
Lost Potato,t,f,f,Blobfish,Help a young potato escape a jungle filled with man-eating tribes!
pocket change,f,f,f,tallywinkle,a collection of coin-based micro rpgs
The Winding Journey,f,f,f,ArcturusAsriv,The growth and discoveries of a young druid on his way to meet a mythical mystic.
Bumpy Ride at Bore IX,f,f,f,Robin FjÃ¤rem,A one-shot on a frozen planet for Mothership RPG
The Garden of the Spire Queen,f,f,f,PenPaperDice,A region for Mausritter and submission to the Rittermarch jam
Alone in the Dungeon,f,f,f,Azukail Games,A solo game where you search a dungeon for treasure using a card deck and a six-sided die.
Arachnowopunk,t,t,t,elsif,An infinite-runner metroidvania
Climate Control - You Are Not A Burden,f,f,f,wetdryvac,"Book 1 of Climate Control, A 3-Panel Comic"
Gigabit,t,f,f,Ellisjames20061,A short  platformer made for Devtober 2021
Trash Planet (Beta),f,f,f,Shoe the Pixie,Have you ever wanted to know what would come of all the junk? Play this to find out!
Laser Paddles,t,f,t,tracfacsam,Pong with lasers and power ups and explosions.
Danger Scavenger,t,t,t,Star Drifters,"Danger Scavenger is fast-paced action, cyberpunk-themed, roguelite skyline crawler."
Kill the Superweapon,t,f,t,Tales of the Renegade Sector,Twin-Stick Action Game Where Bosses Pursue the Player from Room to Room
Back To Bed,t,t,t,Bedtime Digital Games,3D Indie puzzle game -Guide a sleepwalker through surreal beautiful dream worlds
Hyperplex 3D,t,f,f,Lowscope,3D remaster of the original Supaplex with a build-in level editor.
Arlo The Rabbit,t,f,f,Joshimations,"Welcome to Arlo's first adventure, in an old-school platformer fashion! Complete with amazing chiptune tracks!"
Shiny Gauntlet,t,f,f,spritewrench,Select your champion and explore the Gauntlet!
10 Fantasy Pixel Human Village Character,f,f,f,"Thomas Feichtmeir ""Cyangmou""",top quality 64x64 sprites for classical rpg games & dungeoncrawlers
The Pack,f,f,f,cosmicbeagle,"Pets in the post-apocalypse, a No Dice No Masters game about sticking together in the worst of times"
FANGS - Minimal Vampires,f,f,f,Chaosmeister,You are a cotery of Vampires struggling to survive in the shadow world.
Metori,t,t,t,Fractured Mind,An arcade tactics game inspired by arcade classics
The Temple of Karthis,f,f,f,ArcturusAsriv,A Dungeon Crawling Game of Relic Hunting
Solo Roleplaying: A brief introduction,f,f,f,solorpggamer,introduction to solo rpgs
Lost Dreams,t,f,f,cecil chestnut,A child searching for happiness.
Knight Bewitched,t,f,f,Joshua Keith,Sapphic Fantasy jRPG
Alien Life Lab,t,f,f,Devy_Games,Sci-Fi Horror Comedy
RogueCraft Squadron,t,t,t,josefnpat,A Real-Time Strategy space adventure with Rougelike elements
Bezier,t,f,f,Thalamus Digital Publishing Ltd.,The mindless blaster with a big heart.
Project MALLOW,t,f,f,Aggressive Combustion,2D puzzle platformer about a sentient marshmallow  tasked with launching and sticking his way across 100+ brutal levels.
Grimm & Tonic: Aperitif,t,f,f,spritewrench,
Wondee,t,f,f,Garret Polk,"Race down lines while being chased by a wall of fire, eating Dots and evading Pointies."
GRAVITY Pilot!,t,t,t,diadas,Sling shot the solar system with limited amount of fuel.
Naughty Elves - Christmas puzzle game,t,f,f,gurkenlabs,A Christmas themed 2D pixelart puzzle game.
Snowdown,t,f,f,The Bonsai Treehouse,An idle party racing game about losing control!
Rakete,t,t,t,Playables,Each player controls one thruster of a rocket with the goal to land it safely.
Pictassembler,t,f,f,Active Up Games,An engineering puzzle game where you build pixelart images one block at a time
Fantasy Towns Music Pack,f,f,f,Chris Logsdon,"Memorable, Melodic, Character-rich town themes in 9 classic Fantasy settings!"
Summer in Mara,t,f,f,Chibig,Take care of your own island and explore the ocean in this farming adventure.
Eli Minimap for RPG Maker MV-MZ,f,f,f,Hakuen Studio,Creates a minimap for your game!
Darkspace,f,f,f,Arcana Games,A immersive virtual murder mystery for five friends in the dark of space.
Rubies In Spaceâ¢ (FULL GAME),t,f,f,"Jon Jon Games Studios, Inc.Â®",3D Platformer
FEVERPIT,f,f,f,soncka,a tabletop miniature deathmatch game
Elden: Path of the Forgotten,t,f,f,OneratGames,A medieval cosmic fantasy.
Sword's Edge,f,f,f,Fraser Ronald,
The Great Bork Team,f,f,f,Haiduc,A bite-sized RPG about sled dogs on a perilous trip home.
Another Hero,f,f,f,Running From Skeletons,"A ttrpg for three (or so) about conflicts, consequences, and doomed Heroes."
seethe and scab,t,t,t,Max,"take only pictures, leave only rot"
CRUST | Landing Page,f,f,f,Disaster Tourism,a crust punk sci-fi horror game
Bright & Terrible,f,f,f,Rose on Mars,"As an Atlantean exile, will you bring bright justice or terrible vengeance?"
Pixel Side-Scroller - 60 Animated Light Props,f,f,f,"Thomas Feichtmeir ""Cyangmou""",795 frames of light-props for your side-scroller
Resist & Remember,f,f,f,InvisibleInc,Anti-fascist historical TTRPG about uprisings of the oppressed: round 1 set over the fall of Weimar-era Berlin.
Our Hero Neighbors 2E,f,f,f,Therapeutic Blasphemy Games,"A new game of community, collaboration, and cooperation"
Eli QoL Commands 2 for Rpg Maker MZ,f,f,f,Hakuen Studio,Add enhanced versions of the default event commands!
Eli QoL Commands 1 for RPG Maker,f,f,f,Hakuen Studio,Add enhanced versions of the default event commands!
Attrition,t,f,f,LMG3864,
Evangeline,t,t,t,Raconteur Games,Evangeline is a game about love.
Globetrotter's Guide to Greenery: Grasslands,f,f,f,Double Proficiency,"A system-agnostic guide to the grasslands, complete with sensory descriptions, encounters, and more!"
Imaginaria,t,t,f,Orbis Tertius Games,An Antarctic visual documentary game
Faceless Saints,f,f,f,Jacqueline Bryk,You may not look at their faces. To look upon sacredness is to know your own imperfection.
Mostly Harmless Meetings,f,f,f,Peakrill Press / Dan Sumption,"Random countryside encounters for TTRPGs inspired by English flora, fauna and folklore"
Embedded Heart,f,f,f,sjess,"An adventure romance novel about exploring the caves beneath an ancient city, and the equally twisted courtooms above."
The Inflated Head Zone,f,f,f,Zach Hazard Vaupen // Emo Sludge,A comic from 2013 about the internet.
Ash K's Chunkiest Juice template,f,f,f,Ash K,brutal and noisy low res effect lineup for godot
Rune of Eternity,t,f,f,Crooked Beaker,An open world action-adventure game where you search for the six fragments of a magical artifact
Wights,f,f,f,Steffie de Vaan,A role-playing game about protecting your community and punishing the wicked
Wayfarer's Deck: Depths of the Earth,f,f,f,Double Proficiency,"50 illustrated cards for adventurers venturing deep into caves, mines, and dungeons"
KOBUILD,f,f,f,chriskettlefrisby,Building a Kobold civilisation
Spring Comes Again,f,f,f,Bell Moon Games,"""Spring Comes Again"" is a 10 page solo journaling RPG"
World of Solaria: Sprite Pack,f,f,f,jamiebrownhill,40+ sprites for your top down games!
Rivals,f,f,f,Disaster Tourism,A two player game  about competitive story telling
Twelve Hundred Words,f,f,f,Whimsy Machine,An illustrated autobio collection of tiny analog RPGs about mental health.
Unfinished - An Artist's Lament,t,t,t,Dust Scratch Games,A hand-sketched 3D adventure-platformer.
Vylan,t,f,t,MOSTLY MAD PRODUCTIONS,Vylan is a 100 level tile-based platformer about beating each level under a certain amount of time.
Drew and the Floating Labyrinth,t,t,t,Dust Scratch Games,A hand-drawn 3D puzzle-platformer.
Find Me,t,f,t,Girls Make Games,A beautiful and surreal 2D puzzle platformer about a lost shadow seeking to be reunited with her human girl.
Curious Expedition Artbook,f,f,f,Maschinen-Mensch,A 176 page artbook about the making of Curious Expedition. Foreword by Ron Gilbert and Piotr Iwanicki.
BOX,t,f,f,EllenElzai,A Logic Puzzle-Platformer with a Minimalist Vaporwave-Inspired Aesthetic
The Shadow Among the Stars: Book One of the Dread Naught Trilogy,f,f,f,Dylan Wayne Sanchez,Sci-Fi Action/Adventure in a wondrous future threatened by an unimaginable foe.
Whispers from the Thousand Moons,f,f,f,"Owl Knight Games, by Jennifer Adcock","A journaling game about solitude, discovery, fear, and the furthest reaches of space"
Trick-Or-Treat Carta,f,f,f,DarkJaguar,"A Carta, trick-or-treat solo adventure"
Soft Romance Ren'py GUI Design,f,f,f,Jaime Scribbles Games,A custom GUI made for Ren'py visual novels
Trials of Melodosia,f,f,f,Sara Jeffers,The Chance of a Lifetime
Cloud Serpent,t,f,f,Tad Patterson,An always-moving puzzler.
will i be strong enough for you?,f,f,f,vian nguyen,"find your inner strength, seek the support you need, use your body and a piece of paper"
Inner Tao,t,f,f,Le Slo,Duality fills the whole
How Peculiar,f,f,f,Aidan Bowes,In which you whimsically explore strange happenings
Brit School Hijinks,f,f,f,Librarians and Leviathans,High school misbehaviour
Roamers of the Dream,f,f,f,zeruhur,An old school adventure game in the Dreamlands
Fuse - Retro Fusion Music Loops,f,f,f,Beep Artz,8 retro fusion music loops for use in your commercial or non-commercial projects
Unnamed Fairy Princess Game,f,f,f,Aidan Bowes,in which childish wish fulfilment collides with a disaster movie
The Broccoli Complex,f,f,f,Axolotl,"In this introspective and solo mini TTRPG, inspired by NVC, you play a broccoli with a complex problem."
Bring Back The Sun by Daniel da Silva,t,t,f,SmokeSomeFrogs,Minimalistic 2D Platformer
Fantastic Fetus: Prebirth,f,f,f,FantasticHumans,"tamagotchi with a pregnant woman, in which you create your unique dream fetus."
My One True Wish,f,f,f,DarkJaguar,a solo ttrpg tarot based game about dialoguing with your heartâs desire
18XX Dreams,f,f,f,Deep light games,"Wander through the dreamland, where emotions shape the world"
Snack Scoffer,f,t,t,Niall Chandler Games,Highscore based arcade game about eating falling snacks & dodging spikes.
Devil's Dreams,f,f,f,Donogh,"A #FolkloreJam Game about sharing dreams, and the consequences"
The Arcade Tower,t,t,t,Ungamed Studios,You woke up.  There's a TV in front of you. You turn it on.
YOU AND YOUR FRIENDS ARE DEAD,f,f,f,Joel Couture,An unofficial analysis of LJN's Friday the 13th and its underappreciated importance to video game horror
Binky's Trash Service,t,f,f,ondydev,Storm evil lairs... and take out the trash!
P.T. - A Video Game Ghost Story,f,f,f,Joel Couture,An unofficial investigation into the strange history behind this lost horror game.
RD Mars,f,f,f,SuccessStudios,A story that demands to be told.
The Firebringer,f,f,f,PenPaperDice,Two swords & whiskers adventures for Mausritter in the Garden of the Spire Queen
16x16 Platformer Pack [FREE DEMO],f,f,f,Fractured Mind,
for|rest,t,f,t,Jes Klass,"A game that explores the liminal space of grieving, unpredictability, catharsis, and resolution."
The Time Traveler's Child,f,f,f,instadeath,"A playbook for The Time Traveler's Life, making it a 3 player second guess game."
GB Style Farm and Town Tileset,f,f,f,Teaceratops,"Game Boy style  farm tiles & sprites, works with GB Studio"
Welcome to the Hereafter Hotel,f,f,f,Redgate and Wolf,Monster of the Week haunted house mystery
EvocaciÃ³n. Tell me your story / CuÃ©ntame tu historia,f,f,f,Solo historias - Solo juegos,A journaling game to create a characterâs emotional backstory
Hearth & Candle,f,f,f,HorsepondMine,A game of knightly holiday
Firemakaf,t,f,f,SuccessStudios,"The wild, untamed island of Firemakaf has been taken over by the dark lord Grendof. Can you liberate your people?"
The Code Zone Retro Pack,t,f,f,The Code Zone,A collection of FIFTY fun casual Windows games for one low price!
Ghosts of war,f,f,f,Khelren,A pamphlet roleplaying game about war and memory
So You're in a Tavern,f,f,f,Live Real Productions,"A Fantasy Game of Braggarts, Liars, and Wagers"
Vylan Soundtrack,f,f,f,MOSTLY MAD PRODUCTIONS,Vylan Soundtrack!
Pixel 64,f,f,f,Samuel Sousa,A Pixelated 6 by 4 Font
Balloony's adventure,t,f,f,Grindalf Games,A fun colourful game where you try to avoid getting popped.
Unity Book I: Ascent,f,f,f,fluffy,"Reality problems, IN SPACE"
Micro Dash,t,t,t,Andrevv,A tribute to Boulder Dash (C-64) and Metroid (NES)
Sad Robot,f,f,f,Marx of High Water,A story game about the human diaspora
Unbuild,t,f,t,Klickaffen Game Club,Build turrets the other way around!
A Set Of Scrubs,f,f,f,CM Lowry Author,"Witness the wonder, sadness and drudgery that is the hospital experience."
10 Flights of Ballooning,t,f,t,Eric Guadara,A collection of games based on the classic Balloon Fight
ODDS & IRONS: Dino Combat Racing (print & play edition),f,f,f,Honeycomb Interactive,Class-based Victorian racing game with dinosaurs instead of horses.
Plant Down,f,f,f,Rouli,Play as a plant in itsâ instinctive quest to take down the monarchy.
Ripple,t,f,f,Proton Fox,Escape from a robotic facility with limited vision.
Rainbow Runaways,f,f,f,UkuleleBard,A shortform TTRPG about animal people escaping from a metropolitan city.
Jupitron Game Collection Vol.1,t,f,f,Jupitron,
Containment,t,t,t,Finite Reflection,"Containment is a turn-based, minimalist strategy game about managing the growth of bacteria."
Peace of Mind,t,f,f,Joe Burns,"You just recently closed on your dream home. Itâs perfect! Well, almostâ¦"
Korpus: Buried over the Black Soil,t,f,f,Korpus,"Knowledge is power. If a gruesome verse turns into reality, do you want to keep reading? Knowledge is painful."
Learn Japanese To Survive! Kanji Combat,t,f,t,RIVER CROW STUDIO,Learn Japanese kanji in this interactive role-playing game!
Rip Them Off,t,t,t,Lozange Lab,A highly-stylised puzzle / tower defense hybrid with jazzy music
Bicyclism EP,t,t,t,phosphoer,Learn to ride a bicycle in an artistic fashion!
After The End: The Harvest,f,f,f,Elushis,"The goal is simple, the game is hard, reach the centre."
Learn Japanese To Survive - Hiragana Battle,t,f,f,RIVER CROW STUDIO,
Newtraction,t,f,f,Zexsoft,Manipulate gravity to achieve perfect synergy
TRAINBOW,t,f,t,Astrosaurus Games,"Time to make tracks, colour inside the lines, and overthrow some shade!"
[ENDLESS_OVERDRIVE],t,f,f,Fewprime,LO-FI HIGH OCTANE ARCADE ACTION
Super Mumtaz Bros.,t,t,t,Extar,Hunt down radioactive chickens stuck in pipes in this short retro platformer.
Eternia: Pet Whisperer,t,t,t,Shinmera,Find the perfect pet to spice up your life with Eternia: Pet Whisperer!
PhasR,t,t,t,Hirunda/Max Pirotais-Wilton,"A vector styled infinite runner, where switching colours is key to survive on a tubular highway."
crystal anomaly,t,t,t,minotalen,an arcane arcade puzzler about cracking crystals
"Lewi, Act I: Manae",f,f,f,fluffy,A young dragon finds herself caught between the worlds of magic and science
Thermo Puzzle,t,t,t,diadas,
Dee Dum (Computer),t,t,t,Eric Guadara,A simple 2D puzzle platformer.
Lucid: Parables of the Ubermensch,t,f,f,SuccessStudios,"A 2D platformer where you walk through dreams, and cannot touch white keys."
2901//DRUM_DREAM Vol2,t,f,f,notsleeping,ESCAPE TO BREAKBEAT FANSTASY
Mending Wall,t,f,t,Eric Guadara,"Oh, just another kind of out-door game..."
Isolation Story,t,f,f,Elushis,Take control of a mindless citizen and live through a 7-day quarantine inside of Lockdown City.
Void Wisp,t,f,f,D. W. O'Boyle,Ambient Arcade Runner
GalaxSeed,t,t,t,Roaring Cat Games,Plant Trees and Dodge Everything on Your Way Home!
Sonny,t,f,f,Armor Games Studios,"Undead. Unstoppable. A challenging, turn-based indie sci-fi RPG brings a classic back with new content and gameplay."
Mastermind Classic,t,f,f,criacuervos,Are you smart enough to figure out the code?
Bullet Beat,t,f,f,TERNOX,"Shoot'em up, where everything at the levels is in tune with the music, even shooting!"
When The River Runs Dry Early Release,t,f,t,Zwinzler Games,A journey to the summit
Avery Chase - EP2 : Travelling Without Moving,f,f,f,C.Bedford,Avery Chase EP2
Absolute Blue,t,f,f,joemanaco,Fight to save mankind in this fantastic 2d shooter!
The Lost Cave of the Ozarks,t,t,t,Rubber Garden,"Explore the forgotten history and deepest, darkest secrets of The Lost Cave of the Ozarks."
Jabberwocky,t,t,f,python-b5,"A small action-adventure based on Lewis Carroll's ""Jabberwocky""."
"Drones, The Human Condition",t,t,f,Blunt,
Ambient Puzzle Music/SFX Pack,f,f,f,Chris Logsdon,8 songs + 53 SFX designed for focused thought.
Retro and Electronic Music Pack,f,f,f,Slaleky,24 looping futuristic sci-fi tracks for space adventures and cyberpunk cities!
Changes,f,f,f,etalgames,A puzzle game about living structures that evolve every time you move.
6 pack of craft games,t,t,t,Ash K,small things i made for fun
Klang 2,t,f,f,Tinimations,Pursue immersion with electronic dance music through lightning-fast combat.
Fox Magic [first edition] bundle,f,f,f,"Fool's Moon Entertainment, Inc.",A role playing game inspired by one of the most fascinating creatures in Japanese folklore: the Kitsune.
Sci-Fi SFX Pack,f,f,f,Chris Logsdon,"73 SFX - UI/HUD, Ambience Loops, Weapons, Impacts, Monsters, & more!"
Welcome to Elk,t,f,t,Triple Topping,Explore an island filled true stories
Angry Video Game Nerd I&II Deluxe,t,f,t,Screenwave Media Games,He's gonna take you back to the past... again!
Hoplegs,t,f,f,Aurora Punks,Hoplegs is an unconventional and entertaining platformer where the gamepad buttons are your legs!
Tiny Tales 2D Battler Pack Vol.3: Wild Beasts,f,f,f,Mega Tiles,A battler pack featuring beasts of nature!
LouveSystems'  TrackMasters,t,f,f,rackover,
Route Me Mail and Delivery Co,t,f,f,Elushis,
Orion Video Player,t,t,f,KagariSoft,"Orion player is a lightweight and easy to use video player, and it does not consume many requirements."
SciFi Computer and Instruments,f,f,f,kingdomfantasy6,Model and Textures for SciFi Computer and Instruments
Cyberpunk Stealth Music/SFX Pack,f,f,f,Chris Logsdon,Dark & Electronic songs/sfx designed for stealth gameplay or brooding/mysterious moods!
Grackle Teeth,f,f,f,Majcher Arcana,An apocalyptic keepsake game
Duelist,f,f,f,Double Proficiency,A system-neutral combat add-on
"The Fabulous Gays, Volume 1",f,f,f,M. KIRIN,This is the year everything changes.
Tiny Tales: Wild Beasts NPC Sprite Pack,f,f,f,Mega Tiles,A character pack expansion with 19 wild monster sprites!
Knight Bewitched 2,t,f,f,Joshua Keith,Fantasy jRPG
Alone With You,t,f,f,BancyCo,It's Space Quest meets OK Cupid
DÃ©jÃ  Vu,t,f,f,EricFreeman,"A minimalist puzzle game about life, death, and clones."
Little World of Fates,f,f,f,Amaiguri,"A Faction-building TTRPG about Politics, Betrayal, and Friendship"
Vulture,t,t,t,Cubic Timeline Productions,A vertical shooter with a block building twist.
Regina & Mac,t,f,f,Diplodocus-Games,"Jump, collect and solve puzzles like it's 1998 - an N64-style collectathon platformer for experienced players."
Tiny Tales: Human NPC Nobility Sprite Pack,f,f,f,Mega Tiles,A character pack expansion with 20 aristocratic sprites!
Fantasy RPG Cursors (copper),f,f,f,Leonid Deburger,A set of 120 hand-drawn classic Fantasy RPG copper cursors
Fantasy RPG Cursors (gold),f,f,f,Leonid Deburger,A set of 120 hand-drawn classic Fantasy RPG copper cursors
1993 Space Machine,t,f,f,Aurora Punks,Space shooters never die. 1993 is a testament to that!
PROVIDER,t,t,f,CakeNeq Games,If a spirit asks you to bring them something.  You should bring it.
Grow Big (or Go Home): Ultimate Edition,t,f,f,Quarant Inc.,A Huge Update for our 2D pixel-art gardening game
The Wishing Stone,t,f,t,DreamNyghtStudio,Solve puzzles and find truth in a world  that derails from reality. Experience a touching story.
Transmission for Them,f,f,f,Eryk Sawicki,a solo journaling game about lovers lost in space
WarpThrough,t,f,f,Ramon Huiskamp,"Fast action platformer with unique combat, and walking your dog!"
Revolver and Co,t,f,f,Chequered Ink,"Take control of a revolver that asks trivia questions, and discharges its ammo the more wrong you are!"
A Planet of Mine,t,f,f,Tuesday Quest,A mini procedural 4X.
Cardful Planning,t,f,f,Walk Home Games,Embark on a card flipping adventure!
Technicolour,f,f,f,roll / flip / draw,Trace the lives of people connected by a bizarre power
Where the Snow Settles,t,f,f,Myriad Games Studio,"Where the Snow Settles is a game about loss, growth, and the supernatural."
Mini's Magic World,t,t,f,Magory,action platformer with great level design
Redd's Runaway,t,f,f,BeWolf Studio,A run and gun game inspired by the mythos of the Halloween and the Day of the Dead.
Type The Entire Of Ulysses. That's it. That's the game.,f,f,f,Edward Atkin,Have you ever wanted to type out the entire of Ulysses? No? Me neither.
Maze Of Bears,t,f,f,Stuart Bray - SnappyFingers.co.uk,Wrapping grid-based puzzle with MANY block types / enemies / powers.
Sarawak,t,t,t,Cowleyfornia Studios,A short literary mystery game set in Oxford and Borneo
Resynth,t,f,t,Polyphonic LP,"Relax, remix and restore with Resynth."
"Widdershins [Keepsakes, first edition]",f,f,f,"Fool's Moon Entertainment, Inc.",You abandoned us. Broke us. Lost us. Forgot us. But we never forgot you.
Sallow-SÃ©ance,f,f,f,BakkhosBlood,A TTRPG of Gossip and Terror...
Bouncy Cars,t,t,t,assertchris,
Gimmick in the Chaos Dimension,t,t,t,SpaceMouse,Procedurally generated maze running with skills
Drinking & Intoxication: A D&D 5e Supplement,f,f,f,pastellexists,Enjoy your ale with additional crunch!
SimonWL - The Art of 2020,f,f,f,SimonWL,Everything I drew in 2020. 132 page high quality PDF.
Endless Lands,f,f,f,Mundos Infinitos,"If you wish something, travel until you find it."
Safari Zone,t,f,t,Tiger Collins,A Creature Collection Game with rogue-like elements
Humble Fonts - Gold II,f,f,f,somepx,a collection of pixel fonts
Collateral Thinking DX,t,f,t,Astrosaurus Games,No fix is quicker!â¢
(Not Escape Room),t,f,t,PunGo,
After the War,f,f,f,Genesis of Legend Publishing,"A game of memetic horror, ten years after a galactic war"
THINGS TO THINK ABOUT,f,f,f,SimonWL,There are a lot of things to think about.
Frankenmonster Creaturestein,f,f,f,Dice Kapital,"Stitched together by sinister science, you're monsters out for revenge!"
Ultimate Zombie Death Ball,t,f,f,Devil's Cider Games,Convince a hungry hoard of zombies to play soccer instead of eating you.
Ug! Caveman Game,t,f,f,ninjainatux,A caveman game you control with your voice!
Mech_Romancer Charity Bundle 2,f,f,f,Silentman,
SimonWL - The Art of 2021,f,f,f,SimonWL,Everything I drew in 2021. 124 page high quality PDF.
Feyna's Quest,t,t,t,Eldwood,
As the Crow Flies,t,t,t,Chubby Crow Games,"You are a crow, taking flight from your nest, eager to explore the world and find a new home."
Jupitron Game Collection Vol.4 - Middleware,f,f,f,Jupitron,Compilation of games! More & more games!
Bugspeed Collider,t,f,t,Ghostbrite,Single-and-local-multiplayer brawler with fully-destructible environments and super-powered beetles.
Delay: Paying Attention to Energy Mechanics,f,f,f,Zoyander Street,Why do so many casual games tell you to stop playing them?
Short Coffee Cup,f,f,f,kingdomfantasy6,A 3D model of a short coffee cup
Bat Lizard Bonanza,f,f,f,John Vanderhoef,An arcade shooter (shmup) for the NES.
Parselings: Infer Memorial Station (PDF),f,f,f,Smunchy Games,An introduction story module for the tabletop RPG Parselings.
Dark Sheep,t,t,t,Daisy Games,"Horror Meets Sokoban; Kidnap, Sacrifice, Witness!"
Desolate Roads,t,f,f,Gadan Games,A first-person psychological horror vignette
Sudd City Adventures,t,f,t,Sudd City,Sudd City Adventures is a lighthearted point-and-click narrative game set in a world of ordinary superheroes.
Leggite Luta Livre,f,f,f,John Vanderhoef,An arcade beat-em-up for the NES.
The Stirring Among The Stars: Book Two of the Dread Naught Trilogy,f,f,f,Dylan Wayne Sanchez,The sequel to The Shadow Among The Stars
Rosette Diceless Companion,f,f,f,Future Proof Games,"New rules, play advice, and new character options for Rosette Diceless"
Amethyst Hearth,t,f,f,Drone Garden Studios,A sci-fi Christmas romance or friendship story between a lonely woman and a burly robot!
Good Mourning,f,f,f,Platonic Partnership Ltd,A Run-based visual novel.
You Can Pet The Dog VR,t,f,f,Raconteur Games,Fulfill the ultimate fantasy: going outside and petting a dog.
Pixel Side-Scroller - 17 Animated  Container Props,f,f,f,"Thomas Feichtmeir ""Cyangmou""","17 animated pixelart containers with particles, base size 16x16"
Madball,t,t,f,Madness Studio,Say Hello To Madness!
Muffin Fight VR,t,f,f,Red Iron Labs,"A Frantic VR multiplayer game, Bake muffins to throw at your friends."
Super Head Ball,t,f,f,sethsafety,Throw a decapitated head at your friends!
Only One Burn,t,f,f,Leyline Studios,"Land the craft without crashing. Oh, and you only get one burn!"
RogueSlide,t,f,t,Beep Yeah!,Sliding puzzle meets dungeon-crawler
Hack Grid,t,t,t,Daisy Games,A puzzle game with dos-aestethic and adlib audio
Easy Credits 2 for Unity,f,f,f,OneratGames,"âA simple, lightweight way to make scrolling or non scrolling credits."
Shredded Secrets,t,f,t,Girls Make Games,Shredded Secrets is a story-based 2D platformer that lets you step into the lives of four people at a middle school.
Spooky Waltz,t,t,f,Studios SoulAres,Protect Halloween Town while you dance your yearly waltz!
reIterate(),f,f,f,Let's Talk Game Design,A modern-classic 2D Platformer
Awesome Mix Tape,t,f,f,Projector Studios,Struggle with obsolete tech to load up cracking slices of gaming fun.
Capture the Flag 5e,f,f,f,nesges,Erobere mit deinem Team die feindliche Flagge und bring sie nach Hause!
SubDivide,t,t,f,Sockman,Divide the world in this puzzle-platformer to venture into the unknown.
Slime-San Arcade Music,f,f,f,EonNomad,3 of the Slime-San Arcade music tracks with a bonus!
Move 'n' Bloom,t,t,t,Waldemar Umaniz,"A simple but also challenging puzzle game about moving, pushing and matching colors."
Tornbridge,f,f,f,Jacqueline Bryk,An epistolary game of love and letters.
Pippu - Bauble Quest,t,f,f,Chequered Ink,A platforming adventure
Pawndemonium,t,t,t,Tallbeard Studios,Chess-based tower defense mayhem!
Dayscream,t,t,f,Bernhard Potuzak,
The Emperor's Orchard,f,f,f,Jacqueline Bryk,"They called the orchard I served in âThe Emperorâs Haremâ -- and we were, in a sense."
Cut Up Solo - Triplanetary Lensman,f,f,f,Parts Per Million,
Project SNAQE,t,f,f,Teggno Interactive,An action and precision game inspired by the cult-classic Snake
Roly-Polo,t,t,f,LaPieza,A fun 'n fast sport game for up to 4 players. (Has a Free DEMO)
Selection Process,t,f,f,eduardogamedev,Will you be able to pass the Selection Process?
Faith & Sails,f,f,f,Julian Kay,"A dicey, no-GM one-sheet storygame of the sea"
Time Enough,f,f,f,wetdryvac,A three-track bit of happiness.
This Game Takes Place Entirely In A Mega Mart Parking Lot!,f,f,f,StarshineScribbles,A Rules-Lite TTRPG Set In A Parking Lot!
Central Fugitive,t,f,t,Astrosaurus Games,"Quick, somebody call a spin doctor!"
Lucha Libram!,f,f,f,Pod of Blunders,A two-player TTRPG of over-the-top wizard luchador insanity
1-bit tileset 8*8px (Pulp compatible),f,f,f,Teaceratops,over 1800 unique 1-bit 8*8 tiles in one tileset
O.R.B.I.T. Link,f,f,f,DonnieDynamo,A game of mechanized combat that relies heavily on unit symbiosis.
Defend The Tower,f,f,f,BranchingNarratives,Dexterity and Strategy Rolled into One - Only One Can Take The Crown!
Grime House,f,f,f,Skuttie,Survive the horror!
Vampires of Neptune,f,f,f,JYoungman,"Humanity has spread to the edge of the solar system. An ancient enemy was already there, waiting."
From a Different Point of View: Victorian London,f,f,f,Max KÃ¤mmerer (he/they),14 Unscenes for The Between
TITAN (ENG),f,f,f,Roll&PlayMedusa,The Space Mining Roll & Write game. (+16)
Operator Overload OST,f,f,f,ruby0x1,music for the game Operator Overload
ROOM EXPLORER 2010: DELUXE LOVER'S PAQUE,t,f,f,SQ-COM,Experience DELUXE trespassing today
Bunnies vs. Bunnies: Ukraine Edition,t,f,f,Jordan Magnuson,A short fable/strategy game
The Furniture Of Self,t,f,f,skodone,The full room VR Experience (VR optional)
Partition Sector,t,f,f,arganoid,What if Bomberman had snakes?
Lunarrota,t,f,f,Luis S.,Climb the Mountain. Kill the Goddess.
Head AS Code  OST,f,f,f,Slaleky,The full OST is now available!
Safari Zone OST,f,f,f,Slaleky,The official OST for Safari Zone!
Changelings,f,f,f,kolekniewiary,TTRPG about changelings fighting for a cause
Toybox Aviation,t,f,f,OneratGames,A physics based modular vehicle sandbox
MENOS: PSI-SHATTER,f,f,f,Jack Goddard,"A high-impact, physics based Shooter with a Telekinetic protagonist."
Volatile,t,f,f,Boaan,
Harvest Hero Origins,t,t,f,Gemdrop Games,Fight the onslaught of groobles in this retro arcade wave defense!
The Lemon King,f,f,f,A.E. Ross,A short piece of gay historical fiction
Songs of the Northlanders,f,f,f,WolfWyzard,a roleplaying game of desperate action
Hack FPS - Anniversary Edition,t,t,t,r3sgame,Continue Hack FPS with extra content
Green Things Grow From Cinders,f,f,f,A.E. Ross,A gay transmasc Cinderella re-telling
Bunflower,t,t,t,SaturnSprout,Help Bunflower gather food before the blizzard hits town!
8Ã8 Platformer Asset Pack with pico-8 palette,f,f,f,Niall Chandler Games,Asset pack made with pico-8 palette.
Gambler's Heart,f,f,f,Dice Kapital,Play as magical gamblers fighting to prevent Black Jacknarok!
The Jellicle Chance,f,f,f,segoli,A collaborative storytelling tabletop experience with cats.
[MOOD] Pixel Art Font Set,f,f,f,Rodrigo BSL,Pixel art font set inspired by the classic Doom
The Warehouse,f,f,f,"Elise ""Lachesis"" PagÃ¨s",A TTRPG really freely inspired by the SCP Foundation
InBetween: Hungry Mouse,f,f,f,solipsistgames,Find food for your hungry mouse family. A solo mini-game.
Stepping into the Oblivion,f,f,f,"Dimitri, Dr.Givaca","A game about friendship, memories and a great voyage."
Bark and Grass Materials,f,f,f,kingdomfantasy6,A couple materials made for a game jam and now available for everyone!
Way of the Demon Slayer - A Paragon Playset,f,f,f,Agent Fintcher,The way of the slayer is death
CafÃ© El lobo aullador,f,f,f,Solo historias - Solo juegos,Un juego de simulador de una teterÃ­a en solitario
A Fairyâs Day Adventure into the Human World,f,f,f,DarkJaguar,a young faeâs adventure in the human world
The Truth About Jevallik,f,f,f,Rule 42 Arts Coalition,A game for two players
Candylight,t,t,f,ImagiNovel,A yuri and cute game
Spell Slingers: Trick or Treat,t,f,f,Honeycomb Interactive,Spooky Spell Simulator
Gambit: Suits edition,f,f,f,Lee K Hulme,A fast & easy battle resolver that fits on 2 playing cards - rules lite is here!
Rhythm 'n Bullets,t,f,f,DB Creations,An arcade shmup where the music is part of the action
Sudoku Zenkai,t,t,t,ImaginationOverflow,A new dimension to Sudoku
The Sink Gods,t,f,t,Little Glyph Games,A point-and-click adventure game of revenge
Cecconoid,t,t,f,Triple Eh?,"Pixel-tastic, retro-infused, flick-screen, twin-stick-shooter."
Zzap!,t,t,t,NeonRetroTech,"Twin-stick twitching, high-score chasing, particle-exploding, 2600 futurism!"
Serious Scramblers,t,f,t,chinykian,No jumping. Only falling. Unabashedly tough vertical platformer!
T.A.R.S,t,f,f,GreatherGames,You will take on the role of Samantha in this 3rd person horror shooter. Can you survive?
Gig Life,t,f,f,JoshJayOnline,A Gig Economy Short Story
Unity Book II: Distribution,f,f,f,fluffy,The Melrose legacy continues.
Lizard Lady vs the Cats,t,f,f,The Voices Games,
Lawn Buster for Hire,t,f,f,TurdBoomerang,A procedural problem-solving game about lawn care.
Renewal & Riot,f,f,f,Joan,A hopepunk-themed Lasers and Feelings hack for 2-5 players
Drama! Drama! (and the Queen),f,f,f,Fateful Seven,"Drama! Drama! (and the Queen) is a game about impressing the Queen, while outperforming other players."
Couch Goblins,t,f,f,Honeycomb Interactive,Goblin Party Simulator
A house interior asset pack !,f,f,f,styloo,MORE THAN 70 ELEMENTS FOR YOUR HOUSE
Psychoballs,t,f,f,joemanaco,Sort different psychotic balls through mind-boggling pipe-systems.
[New Hi-Score] Pixel Art Font,f,f,f,Rodrigo BSL,A pop-up pixel font inspired by retro arcade interfaces
Bryluen's Bachelorette Brawl,f,f,f,Dylan Wayne Sanchez,A Dread Naught Trilogy short story.
Sly Panda,t,t,t,Elastiskalinjen,"Slow down time, defeat dopey ghosts and become a sly panda â³"
Food Flinger VR,f,f,f,Eric Guadara,Keep the hungry patrons happy.  Feed them food!
Goblins: Kwest 4 Sosijiz,f,f,f,Worldbuilder101,"A one page ttrpg where you are a group of goblins, trying to steal sausages from big noisy humans."
Temple Of Tangram,t,t,t,joemanaco,
SKELERUN,t,t,t,Fireside Studio,"Don't Give Up, Skeleton!"
Derpy Deep Drive,t,f,f,Extrone,An Endless School Bus Driving Game.
Captain Backwater,t,t,t,joemanaco,A puzzle game with a twist!
WIZLORDS!,f,f,f,Third Country Press,A game of political machinations in a wacky magocracy.
[Inkbit] Pixel Art Font Set,f,f,f,Rodrigo BSL,A pixel perfect font with 2 variations. Supports accents and a variety of symbols
Air Dasher,t,f,f,Anton,Air Dasher is a pure fluid platformer
Monastery Battlemap [100 x 80],f,f,f,gurkenlabs,The murderer is always the gardener.
Volcanic Sinkhole Battlemap [20 x 40],f,f,f,gurkenlabs,"Amidst the overgrown ruins, a steaming rupture parts the earth."
Speckled Forest Battlemap [30 x 30],f,f,f,gurkenlabs,Watch out for ambushes in the dim lights of this unsettling forest.
